text,label
Хочу поскаржитись на викладача з математики — він постійно запізнюється на 20-30 хвилин,0
НИККАІІЮЧОБР,1
ШФ2МЄ:2Щ:ХЩЩ9ЧГ!!??,1
прошу розглянути скаргу на незаконне заселення сторонніх у гуртожиток,0
"підкажіть, хто відповідає за розклад іспитів?",0
"Ліфт у гуртожитку не працює вже два тижні, незручно студентам з інвалідністю",0
ну ну всі дебіли тут абсолютно!,1
чи є можливість перевестися на заочну форму навчання?,0
"ви дочекаєтесь, бовдури!",1
ПОКИДЬКИ ПЛЮС НІКЧЕМИ ПЛЮС КРЕТИНИ ПЛЮС ОЛУХИ...,1
"Як дізнатися результати іспиту, якщо їх досі не виставили в журнал?",0
хахаха...,1
Йдіть а також дебіли...!,1
Викладач не відповідає на запитання студентів і одразу знижує оцінку за незнання,0
"ну ну ВСІ ВИ ПРИДУРКИ, ЦЕ ВАМ ТАК НЕ ЗІЙДЕ",1
"хочу дізнатися, де знаходиться 305 аудиторія",0
"У нашій кімнаті в гуртожитку тече дах, комендант ігнорує звернення, прошу допомогти!",0
"Вибачте що турбую, але не знаю до кого ще звернутися з цим питанням",0
Тупари плюс кретини! Ось так.,1
самі дурні навчають дурних,1
"я не можу зосередитися на навчанні через умови в гуртожитку, прошу допомогти",0
"Деканат не видає довідку про навчання вже два тижні, постійно відмовляють!",0
"У нашій кімнаті в гуртожитку тече дах, комендант ігнорує звернення",0
де знаходиться студентська профспілка і як вона може допомогти?,0
Адміністрація не надає інформацію про графік перескладання,0
НТЧЯ  НТЧЯ  НТЧЯ  НТЧЯ  НТЧЯ,1
Прошу розібрати ситуацію: викладач не зараховує лабораторні без пояснення причини,0
"я вам покажу де раки зимують, дебіли",1
Хочу поскаржитись на неправомірне відрахування зі списку студентів,0
Прошу розглянути скаргу: викладач з програмування вимагає гроші за здачу заліку!,0
хочу записатися на прийом до ректора,0
Чи можна отримати копію залікової книжки?!,0
"Викладач не відповідає на запитання студентів і одразу знижує оцінку за незнання, будь ласка",0
Скільки пропусків допускається до заліку?,0
У гуртожитку відсутнє освітлення на третьому поверсі,0
Прошу розглянути скаргу: викладач з програмування вимагає гроші за здачу заліку,0
бцзлж зкьєш ябзикь гвчрнш нщ,1
нннн ненавиджу всіх нннн!!??,1
"прошу не ігнорувати мою скаргу, я вже зверталась до куратора і нічого не змінилось, будь ласка",0
Викладач з математики пояснює тему лише один раз і відмовляється повторювати!,0
На парі з правознавства викладач обговорює особисте життя студентів,0
У навчальному корпусі дуже холодно взимку — система опалення не справляється,0
Безмозкі і ще ідіоти і ще бездари і ще незграби! Все!,1
БЕЗДАРНОСТІ ПЛЮС ТУПНЯКИ! ОСЬ ТАК.???,1
Принтер у студентському центрі не працює вже третій день,0
коли починається запис на курсові роботи цього семестру?!,0
"У 301 аудиторії не працює проєктор, викладач не може показувати матеріал",0
і що далі що ти зробиш!!??,1
Як можна отримати рекомендаційний лист від викладача?,0
Викладач з математики пояснює тему лише один раз і відмовляється повторювати,0
Хочу поскаржитись на неправомірне відрахування зі списку студентів,0
коли починається запис на курсові роботи цього семестру?,0
хаха хаха хаха хаха хаха,1
"у 301 аудиторії не працює проєктор, викладач не може показувати матеріал",0
"викладач грубить студентам, які задають запитання під час лекції, будь ласка",0
"ВИ ЩЕ ПОЧУЄТЕ ПРО МЕНЕ, ЖЛОБИ!!!!",1
"Комендант гуртожитку грубить студентам і погрожує виселенням без підстав, дякую",0
е е е ґьда  ґьда  ґьда  ґьда,1
"5КУ?С?-О9,У5І",1
Прошу розглянути: студентів виселяють з гуртожитку без попередження,0
йцукенгшщзх,1
"Викладач з економіки не пускає на іспит без особистого підпису куратора, якого немає",0
"викладач з інформатики не пояснює матеріал, просто читає з книги вголос!",0
ну ну ОТ ВАУ ВАУ ОТ,1
як можна отримати рекомендаційний лист від викладача?,0
наш викладач спізнюється на кожну пару мінімум на 15 хвилин,0
Тупі плюс лузери плюс кретини плюс покидьки!!,1
Чи можу я самостійно обрати тему дипломної роботи?,0
де можна отримати довідку про місце навчання для соціальних служб?,0
ХМ ХМ ХМ І ВСЕ!!!,1
"Прошу терміново втрутитися, ситуація критична — мене можуть відрахувати через помилку",0
"НАБРИДЛО ВСЕ, ВИ ЩЕ МЕНЕ ЗАПАМ'ЯТАЄТЕ!",1
е е е ХМЯДЄІЦФОЩДЦШБЦКЙСКЄВ,1
Де знайти шаблон заяви на академічну відпустку?,0
Хочу поскаржитись на неправомірне відрахування зі списку студентів!,0
ПРИВІТ ПРИВІТ ПРИВІТ ПРИВІТ ПРИВІТ,1
"Підкажіть, чи є можливість складати іспити достроково?",0
"Я не знаю що робити, мене несправедливо відрахували, будь ласка допоможіть",0
комендант не дозволяє залишати ноутбук у кімнаті на канікулах — це законно?,0
"прошу пояснити, чому мені не нарахували стипендію цього місяця",0
покидьки зібралися в одному місці,1
НЕЗГРАБИ І ТУПНЯКИ І БОВДУРИ І ТУПІ!!,1
ьоазїїцчбякрьвґшблцївпнзйяцгівсгкбнґйнач,1
Викладач дозволяє собі образливі коментарі щодо зовнішності студентів!,0
"У душовій гуртожитку зламані замки, прошу відремонтувати",0
"Що робити, якщо пропустив іспит через хворобу?",0
Прошу перевірити умови проживання в кімнаті 214 — там є плісень на стінах,0
ну ну Кретини і ще незграби і ще ідіоти! Все!???,1
"Ліфт у гуртожитку не працює вже два тижні, незручно студентам з інвалідністю",0
"хочу поскаржитись на неправомірне відрахування зі списку студентів, будь ласка",0
"Підкажіть, як подати заяву на перескладання іспиту з вищої математики?!",0
це несправедливо і я хочу щоб хтось нарешті розібрався з цим,0
Коли починається запис на курсові роботи цього семестру?,0
Дурні і ще ідіоти і ще тупари і ще йдіть......,1
!!!!!!!!!!!!!!!!!!!!??,1
"Де можна роздрукувати матеріали до захисту курсової?, дякую",0
"Викладач з інформатики не пояснює матеріал, просто читає з книги вголос, дякую",0
"Прошу оновити програмне забезпечення в комп'ютерному класі, воно застаріле",0
БЛА БЛА БЛА НІКОМУ НЕ ПОТРІБНО БЛА БЛА,1
Хочу записатися на прийом до ректора,0
е е е ойойой!,1
Прошу встановити більше розеток в аудиторії 210 для заряджання ноутбуків,0
Я ВАМ ПОКАЖУ! НАБРИДЛО ВСЕ!!!??,1
агагага!,1
аавввгггддд!!??,1
"Що робити, якщо пропустив іспит через хворобу?",0
хто грає у футбол сьогодні ввечері,1
наш викладач спізнюється на кожну пару мінімум на 15 хвилин,0
вам це так не мине! набридло все!...,1
??????????????????,1
"ГОТУЙТЕСЬ, Я НЕ ТАКИЙ ЯК ВСІ СТУДЕНТИ",1
"лектор читає лекції зі старих слайдів 2010 року, матеріал застарілий!",0
"дочекаєтесь від мене, ще побачите???",1
"Прошу замінити лампи в коридорі другого поверху, там темно",0
"У нашій кімнаті в гуртожитку тече дах, комендант ігнорує звернення",0
Коли починається запис на курсові роботи цього семестру?,0
"Не знаю чи правильно пишу сюди, але хочу поскаржитися на умови навчання",0
всі дебіли тут абсолютно,1
Тупі а також провалюйтесь а також дурні а також дебіли!!,1
ну нннн ну!,1
"ВИ ЩЕ МЕНЕ ЗАПАМ'ЯТАЄТЕ, ДУРНІ!!!!",1
Де можна отримати студентський квиток?,0
Хочу подати скаргу: викладач з хімії принижує студентів перед аудиторією,0
"Підкажіть, чи є можливість складати іспити достроково?",0
Кретини та придурки та бездарності та тупари! Зрозуміли?,1
"деканат не видає довідку про навчання вже два тижні, постійно відмовляють",0
Викладач не відповідає на запитання студентів і одразу знижує оцінку за незнання,0
"Прошу відремонтувати парти в аудиторії 305, частина з них зламана, дякую",0
ЙДІТЬ А ТАКОЖ ПРИДУРКИ А ТАКОЖ ПОКИДЬКИ!!???,1
Це несправедливо і я хочу щоб хтось нарешті розібрався з цим,0
ТРА-ЛЯ-ЛЯ!,1
"Прошу пояснити, за якою підставою з мене стягують додаткову плату за гуртожиток",0
"я вам покажу де раки зимують, дебіли",1
О котрій відчиняється бібліотека?,0
Наш викладач спізнюється на кожну пару мінімум на 15 хвилин,0
"...!,!.!,?,..,,!",1
Незграби і ще тупари і ще олухи і ще недоумки! Все!!!??,1
"Я не можу зосередитися на навчанні через умови в гуртожитку, прошу допомогти",0
Як можна отримати рекомендаційний лист від викладача?,0
прошу вирішити: в гуртожитку немає гарячої води вже 10 днів,0
Як оформити академічну відпустку за станом здоров'я?,0
йоу йоу!!!,1
о о о о о о о о о о о,1
Коли буде наступна нарада студентського самоврядування?,0
Прошу пояснити порядок відновлення після академічної відпустки,0
Коли буде наступна нарада студентського самоврядування?,0
е е е Нікчеми та йдіть та тупари...,1
е е е ЦЕ ВЗАГАЛІ ЩОСЬ ЧИТАЄ ЧИ НІ,1
це взагалі щось читає чи ні,1
коли буде наступна нарада студентського самоврядування?,0
хахаха дебіли управляють коледжем хаха,1
всі ви однакові! Придурки!,1
ну ну QWERTY ASDFGH ZXCVBN!!!,1
я знайду на вас управу! ненавиджу тут все!,1
"Що робити, якщо пропустив іспит через хворобу?",0
їїїїїїїїїїїї!!!,1
"?!!!!,..,!?.?,!,.!!??",1
пнрщмп євшх ичжфсо пшт ехбмлс яйсгщч яршя,1
да-да-да і все,1
У гуртожитку відсутнє освітлення на третьому поверсі,0
ну ну ідіоти управляють цим закладом...,1
Де здають документи для оформлення стипендії?,0
РХФК  РХФК  РХФК,1
Наш викладач спізнюється на кожну пару мінімум на 15 хвилин,0
прошу розглянути питання щодо неправомірного стягнення плати за навчання,0
"прошу пояснити, за якою підставою з мене стягують додаткову плату за гуртожиток!",0
НУ І ЩО НУ І ЩО НУ І ЩО...,1
Коли будуть відомі дати сесії на наступний семестр?,0
Де знайти шаблон заяви на академічну відпустку?,0
Прошу розглянути питання щодо неправомірного стягнення плати за навчання,0
ну ну Лузери а також незграби!!...,1
Чи можна отримати копію залікової книжки?,0
"я не залишу це просто так, недоумки!",1
агагага!,1
"Викладач грубить студентам, які задають запитання під час лекції",0
"ХОЧУ ЩОБ ВСЕ ГОРІЛО, ОСЬ ПОБАЧИТЕ ЩО БУДЕ!!!!",1
"Прошу допомогти: у розкладі помилка, нас відправили в неіснуючу аудиторію",0
м0х5сієіе!тфвляшґа0!!??,1
ХЕЛЛО ВОРЛД ЦЕ ТЕСТ ПОВІДОМЛЕННЯ!,1
"Лектор читає лекції зі старих слайдів 2010 року, матеріал застарілий",0
Як дізнатися свій номер студентського квитка?,0
Кретини плюс недоумки! Зрозуміли?,1
"Добрий день, підкажіть розклад на цей тиждень",0
ну ну скучно на парі тому пишу сюди,1
"Де можна роздрукувати матеріали до захисту курсової?, будь ласка",0
"мені соромно, але я мушу поскаржитися на поведінку одногрупників, будь ласка",0
як оформити академічну відпустку за станом здоров'я?,0
"Прошу терміново втрутитися, ситуація критична — мене можуть відрахувати через помилку",0
це вам так не зійде! все це лайно!,1
"У їдальні закінчуються страви о 12:00, більшість студентів залишаються без обіду",0
"Підкажіть, хто відповідає за розклад іспитів?, прошу допомогти",0
ААААА ВСЕ НАБРИДЛО ІДІОТИ!!!,1
Недоумки — ви про це пожалкуєте,1
"ну ну я знаю всіх вас, будьте готові до наслідків!",1
Як оформити академічну відпустку за станом здоров'я?,0
АГАГАГА АГАГАГА!!!,1
лузери і невдахи всі тут,1
Недоумки та дурні та дебіли та бовдури! Все!!,1
Бездарності і тупі і лузери!,1
Підкажіть номер телефону медпункту,0
ТРА-ЛЯ-ЛЯ!!,1
у туалеті на другому поверсі не працює вентиляція вже два тижні,0
??????????????????,1
"це вже третє звернення, ніхто не реагує на проблему в гуртожитку",0
"Хочу дізнатися, де знаходиться 305 аудиторія",0
Хочу поскаржитись на викладача з математики — він постійно запізнюється на 20-30 хвилин,0
"у комп'ютерному класі не працює половина комп'ютерів, неможливо виконувати лабораторні",0
е е е БЕЗДАРИ А ТАКОЖ ЛУЗЕРИ А ТАКОЖ ТУПАРИ А ТАКОЖ ПОКИДЬКИ!!...,1
Викладач не відповідає на запитання студентів і одразу знижує оцінку за незнання,0
Як оформити академічну відпустку за станом здоров'я?,0
ПРОСТО ПЕРЕВІРЯЮ ЧИ ПРАЦЮЄ ЦЕЙ БОТ!!??,1
"Як можна отримати рекомендаційний лист від викладача?, прошу допомогти!",0
БЛА БЛА БЛА,1
Коли будуть відомі дати сесії на наступний семестр?,0
"У 301 аудиторії не працює проєктор, викладач не може показувати матеріал!",0
Як оформити академічну відпустку за станом здоров'я?!,0
Ідіоти та безмозкі та лузери та бовдури! Ось так.,1
"Підкажіть, чи є можливість складати іспити достроково?",0
хтось живий тут взагалі,1
ну ну сьогодні хороша погода!!!,1
ячсмитьбю!,1
"ви ще мене запам'ятаєте, бовдури!",1
"скарга: у гуртожитку вже тиждень не працює опалення, дуже холодно",0
ну ну от хей хей от,1
"як дізнатися результати іспиту, якщо їх досі не виставили в журнал?",0
коли буде наступна нарада студентського самоврядування?,0
Де можна отримати студентський квиток?,0
Наш куратор ігнорує запитання на парах і говорить «самі розбирайтеся»,0
"ненавиджу цей коледж, ідіть всі геть",1
"е е е ГОТУЙТЕСЬ ДО НАСЛІДКІВ, ДУРНІ!",1
Прошу розібрати ситуацію: викладач не зараховує лабораторні без пояснення причини,0
Скільки пропусків допускається до заліку?,0
"У комп'ютерному класі не працює половина комп'ютерів, неможливо виконувати лабораторні",0
"Викладач з інформатики не пояснює матеріал, просто читає з книги вголос, будь ласка",0
"Прошу розглянути скаргу: викладач з програмування вимагає гроші за здачу заліку, прошу допомогти",0
"Я не знаю що робити, мене несправедливо відрахували, будь ласка допоможіть",0
Бездарності плюс дурні...,1
Викладач з математики пояснює тему лише один раз і відмовляється повторювати,0
"всі ви тупі, це вам так не зійде",1
"Розумію що у вас багато звернень, але моя ситуація дійсно потребує допомоги",0
"У комп'ютерному класі не працює половина комп'ютерів, неможливо виконувати лабораторні",0
робіть що хочете мені байдуже,1
"всі ви дебіли, ви дочекаєтесь",1
Викладач з іноземної мови вимагає дорогі підручники тільки від конкретного видавництва,0
"у їдальні закінчуються страви о 12:00, більшість студентів залишаються без обіду",0
Безмозкі і покидьки і лузери!,1
у туалеті на другому поверсі не працює вентиляція вже два тижні,0
"Прошу оновити програмне забезпечення в комп'ютерному класі, воно застаріле!",0
Тупари та бездари...,1
е е е ок ок ок ок ок ок ок,1
"У їдальні закінчуються страви о 12:00, більшість студентів залишаються без обіду",0
МЕНІ ВСЕ ОДНО НА ВАШІ ПРАВИЛА,1
ДИВИВСЯ ФІЛЬМ УСЮ НІЧ КЛАСНИЙ БУВ,1
"жах жахливий, я напишу скрізь про вас!",1
е е е ВСІ ВИ ОДНАКОВІ! ЖЛОБИ!,1
Де знаходиться студентська профспілка і як вона може допомогти?,0
"Мені не виписали студентський квиток, хоча навчаюсь вже три місяці!",0
е е е Олухи а також провалюйтесь а також ідіоти а також покидьки!,1
О котрій відчиняється бібліотека?,0
"У їдальні закінчуються страви о 12:00, більшість студентів залишаються без обіду",0
Комендант гуртожитку грубить студентам і погрожує виселенням без підстав,0
СЬОГОДНІ ХОРОША ПОГОДА,1
і що далі що ти зробиш!,1
Коли починається запис на курсові роботи цього семестру?,0
!!!???!!!???,1
Викладач з математики пояснює тему лише один раз і відмовляється повторювати!,0
Я вже кілька разів намагався вирішити це питання і щоразу мене відправляють далі,0
НУ ХЕЙ ХЕЙ НУ,1
Де можна роздрукувати матеріали до захисту курсової?,0
"Підкажіть, хто відповідає за розклад іспитів?",0
"У їдальні закінчуються страви о 12:00, більшість студентів залишаються без обіду",0
Де можна отримати студентський квиток?,0
"ВИ ДОЧЕКАЄТЕСЬ, ТУПІ!",1
",?!?.??!",1
Коли починається запис на курсові роботи цього семестру?,0
ПРИДУРКИ І КРЕТИНИ І ДУРНІ І НЕЗГРАБИ! ВСЕ!,1
КРЕТИНИ ПЛЮС БОВДУРИ ПЛЮС ДЕБІЛИ!,1
Е НУ І ЩО ТУПНЯКИ Е НУ І ЩО...,1
",!,!,!!??",1
це несправедливо і я хочу щоб хтось нарешті розібрався з цим,0
ну ну е ну і що тупняки е ну і що,1
"скарга: у гуртожитку вже тиждень не працює опалення, дуже холодно",0
абвгдеєжзиіїйклмнопрстуфхцчшщьюя,1
"всі ви бездари, ви ще мене запам'ятаєте",1
"я знаю всіх вас, будьте готові до наслідків",1
ХКЬУ  ХКЬУ  ХКЬУ  ХКЬУ  ХКЬУ  ХКЬУ,1
уууу уууу,1
а що ти мені зробиш а!,1
чузф  чузф  чузф,1
"У душовій гуртожитку зламані замки, прошу відремонтувати, дякую",0
Це несправедливо і я хочу щоб хтось нарешті розібрався з цим,0
ну ну сьогодні хороша погода,1
"БІЛЬШЕ НЕ ПРИЙДУ, Я ЗНАЙДУ НА ВАС УПРАВУ!",1
Це несправедливо і я хочу щоб хтось нарешті розібрався з цим,0
Хочу записатися на прийом до ректора,0
Чи є можливість перевестися на заочну форму навчання?,0
"прошу пояснити, за якою підставою з мене стягують додаткову плату за гуртожиток",0
як оскаржити оцінку з іспиту офіційно?,0
е е е сьогодні хороша погода???,1
ну ну ок ок ок ок ок ок ок???,1
"підкажіть, чи є можливість складати іспити достроково?",0
Жлоби і ще безмозкі і ще придурки і ще ідіоти! Ось так.!!??,1
ла-ла-ла і все...,1
Як зв'язатися з деканом?,0
"ну ну плювати я хотів, попереджаю востаннє!",1
Де можна отримати студентський квиток?,0
"всі тут тупі, вам треба закритися!!!",1
!!!???!!!???,1
Чи можу я самостійно обрати тему дипломної роботи?,0
"Мені соромно, але я мушу поскаржитися на поведінку одногрупників",0
е е е Безмозкі та ідіоти та бездарності! Зрозуміли?,1
"прошу відремонтувати парти в аудиторії 305, частина з них зламана",0
"всі ви жлоби, вам це так не мине",1
ну ееееє ну,1
Яка процедура поновлення після відрахування?!,0
"все це лайно, я вам покажу!",1
Викладач не відповідає на запитання студентів і одразу знижує оцінку за незнання,0
Викладач дозволяє собі образливі коментарі щодо зовнішності студентів,0
НУ ААААА НУ!!??,1
прошу розібрати ситуацію: викладач не зараховує лабораторні без пояснення причини,0
Хочу оскаржити оцінку на іспиті — вважаю що перевірка була несправедливою,0
прошу розглянути скаргу на упереджене ставлення викладача до нашої групи,0
"Деканат не видає довідку про навчання вже два тижні, постійно відмовляють",0
"Я не можу зосередитися на навчанні через умови в гуртожитку, прошу допомогти",0
"що робити, якщо пропустив іспит через хворобу?",0
"Підкажіть, хто відповідає за розклад іспитів?",0
"У 301 аудиторії не працює проєктор, викладач не може показувати матеріал",0
Де подати заяву на підвищену стипендію?,0
"хочу щоб все горіло, ви ще почуєте про мене!",1
от ок ок ок от...,1
"е е е жах жахливий, ви дочекаєтесь!???",1
е е е от уууу от,1
"Прошу терміново втрутитися, ситуація критична — мене можуть відрахувати через помилку",0
"е е е ОСЬ ПОБАЧИТЕ ЩО Я ЗРОБЛЮ, ЗАПАМ'ЯТАЄТЕ МЕНЕ",1
викладач з математики пояснює тему лише один раз і відмовляється повторювати,0
Е-Е-Е!,1
"Як дізнатися результати іспиту, якщо їх досі не виставили в журнал?",0
млчф  млчф  млчф,1
хєиел дзьацр шх зи лбу!,1
всі дебіли тут абсолютно???,1
скучно на парі тому пишу сюди,1
щлцур ґжжґж бцй,1
Чи надається знижка на проїзд для студентів денної форми навчання?,0
Прошу перевірити ситуацію: викладач виставив оцінку без проведення іспиту,0
всі ви однакові! Жлоби!,1
"ось побачите що я зроблю, запам'ятаєте мене",1
"Мені дуже важко, викладач постійно мене виділяє і принижує перед групою",0
зупиніться інакше буде погано,1
Адміністрація не відповідає на звернення щодо переведення на іншу спеціальність,0
е е е ШПШШДЯЛШНЛМТВХЯРЙЯВХ,1
ну ну фп жавф яюш ьлррфх хпєч йоі зч???,1
Прошу розглянути скаргу: викладач з програмування вимагає гроші за здачу заліку,0
ПОПЕРЕДЖАЮ ВОСТАННЄ! НАЙГІРШЕ МІСЦЕ!,1
"я вам покажу де раки зимують, дебіли...",1
"вибачте що турбую, але не знаю до кого ще звернутися з цим питанням",0
Чи можу я самостійно обрати тему дипломної роботи?,0
Тупі а також нікчеми а також безмозкі а також дебіли! Ось так.!!!,1
ок ок ок!,1
ХТО ГРАЄ У ФУТБОЛ СЬОГОДНІ ВВЕЧЕРІ!!??,1
Тупняки плюс придурки плюс провалюйтесь плюс покидьки! Ось так.,1
Комендант не дозволяє залишати ноутбук у кімнаті на канікулах — це законно?!,0
Адміністрація не реагує на колективне звернення нашої групи!,0
"Хочу дізнатися, де знаходиться 305 аудиторія",0
ну ну 123456789 абвгдеєжз...,1
"Прошу поставитися до мого звернення серйозно, мені справді потрібна допомога",0
"добрий день, підкажіть розклад на цей тиждень",0
яка процедура переведення з однієї групи до іншої?,0
Ідіоти та незграби...!,1
Чи можна отримати копію залікової книжки?!,0
ЩХАУ  ЩХАУ  ЩХАУ  ЩХАУ  ЩХАУ  ЩХАУ  ???,1
Деканат відмовляється приймати заяву про зміну форми навчання,0
"всі ви йдіть, ви дочекаєтесь",1
е е е да да да да да да да да да да да да да да да да,1
О котрій відчиняється бібліотека?,0
"мені дуже важко, викладач постійно мене виділяє і принижує перед групою, дякую",0
Де здають документи для оформлення стипендії?,0
коли будуть відомі дати сесії на наступний семестр?,0
"Викладач з фізики ставить незадовільні оцінки без пояснень, це несправедливо",0
На парі з правознавства викладач обговорює особисте життя студентів,0
от ааааа от,1
І ЩО ДАЛІ ЩО ТИ ЗРОБИШ,1
бла бла бла нікому не потрібно бла бла!!??,1
Яка процедура переведення з однієї групи до іншої?,0
"Як дізнатися результати іспиту, якщо їх досі не виставили в журнал?",0
Чи можу я самостійно обрати тему дипломної роботи?,0
ОЛУХИ ТА ДЕБІЛИ! ОСЬ ТАК.,1
"Викладач з інформатики не пояснює матеріал, просто читає з книги вголос",0
всі дебіли тут абсолютно,1
"У 301 аудиторії не працює проєктор, викладач не може показувати матеріал",0
НУ І ЩО НУ І ЩО НУ І ЩО,1
"Викладач з фізики ставить незадовільні оцінки без пояснень, це несправедливо",0
9би?нл:уа?5пшцт?дє9;яч9ґсцна6!!??,1
"Wi-Fi у бібліотеці працює дуже повільно, неможливо користуватися навчальними ресурсами",0
йцукенгшщзх...,1
ВСІ ВИ ОДНАКОВІ! ЖЛОБИ!!!!,1
"Що робити, якщо пропустив іспит через хворобу?",0
Я вже кілька разів намагався вирішити це питання і щоразу мене відправляють далі,0
Тупняки і ще недоумки і ще провалюйтесь і ще бовдури! Зрозуміли?,1
На парі з правознавства викладач обговорює особисте життя студентів,0
Принтер у студентському центрі не працює вже третій день!,0
нічого нічого нічого нічого,1
НЕДОУМКИ І ЩЕ ПРОВАЛЮЙТЕСЬ!,1
Чи є можливість перевестися на заочну форму навчання?,0
"Прошу не ігнорувати мою скаргу, я вже зверталась до куратора і нічого не змінилось",0
"Викладач грубить студентам, які задають запитання під час лекції, прошу допомогти",0
"Скарга: у гуртожитку вже тиждень не працює опалення, дуже холодно",0
"підкажіть, як подати заяву на перескладання іспиту з вищої математики?",0
Мені відмовляють у академічній відпустці без пояснення підстав,0
Прошу розглянути скаргу на незаконне заселення сторонніх у гуртожиток,0
НІЧОГО ВИ МЕНІ НЕ ЗРОБИТЕ,1
Кретини і ще лузери! Зрозуміли?!!!,1
СПРОБУЙТЕ ТІЛЬКИ ЩОСЬ ЗРОБИТИ ПОБАЧИТЕ,1
"Wi-Fi у бібліотеці працює дуже повільно, неможливо користуватися навчальними ресурсами",0
Викладач з математики пояснює тему лише один раз і відмовляється повторювати,0
"Вибачте що турбую, але не знаю до кого ще звернутися з цим питанням",0
"Лектор читає лекції зі старих слайдів 2010 року, матеріал застарілий, будь ласка",0
Прошу розглянути: студентів виселяють з гуртожитку без попередження,0
"Як дізнатися результати іспиту, якщо їх досі не виставили в журнал?",0
"Я розчарований ставленням адміністрації до студентів, хочу подати офіційну скаргу, дякую",0
хочу подати скаргу: викладач з хімії принижує студентів перед аудиторією!,0
принтер у студентському центрі не працює вже третій день,0
хочу подати скаргу: викладач з хімії принижує студентів перед аудиторією,0
БЕЗДАРНОСТІ ТА БЕЗДАРИ...,1
Прошу розглянути скаргу на незаконне заселення сторонніх у гуртожиток,0
Де можна отримати студентський квиток?,0
"викладач з фізики ставить незадовільні оцінки без пояснень, це несправедливо",0
Адміністрація не відповідає на звернення щодо переведення на іншу спеціальність,0
Наш куратор ігнорує запитання на парах і говорить «самі розбирайтеся»!,0
"У бібліотеці немає потрібного підручника з бухгалтерського обліку, коли він надійде?",0
Нікчеми і ще олухи і ще безмозкі і ще дурні...!,1
"Викладач з економіки не пускає на іспит без особистого підпису куратора, якого немає, дякую!",0
ну ну ну ну ну ну,1
Де можна отримати студентський квиток?,0
ГА ГА ГА ГА ГА ГА ГА!!!,1
Тупі — я розберуся з вами,1
ну ок ок ок ну!!!,1
"НЕНАВИДЖУ ЦЕЙ КОЛЕДЖ, ІДІТЬ ВСІ ГЕТЬ",1
прошу розглянути: студентів виселяють з гуртожитку без попередження,0
ПРИДУРКИ І ЩЕ ДЕБІЛИ І ЩЕ КРЕТИНИ І ЩЕ ПРОВАЛЮЙТЕСЬ! ВСЕ!,1
Я вже кілька разів намагався вирішити це питання і щоразу мене відправляють далі,0
ГА ГА ГА ГА ГА ГА ГА,1
е е е це взагалі щось читає чи ні,1
"Я не можу зосередитися на навчанні через умови в гуртожитку, прошу допомогти",0
Прошу перевірити умови проживання в кімнаті 214 — там є плісень на стінах,0
"Розумію що у вас багато звернень, але моя ситуація дійсно потребує допомоги",0
На парі з правознавства викладач обговорює особисте життя студентів,0
ґячбефюомійойучрбнрбсццкюспвж,1
Де знаходиться студентська профспілка і як вона може допомогти?,0
"Коли починається запис на курсові роботи цього семестру?, дякую",0
"викладач з фізики ставить незадовільні оцінки без пояснень, це несправедливо",0
викладач з математики пояснює тему лише один раз і відмовляється повторювати,0
ааааа!,1
бла бла бла,1
прошу розглянути питання щодо неправомірного стягнення плати за навчання,0
"де подати заяву на підвищену стипендію?, будь ласка",0
Як можна отримати рекомендаційний лист від викладача?,0
готуйтесь до наслідків! мені байдуже на все!,1
БЛА БЛА БЛА,1
деканат відмовляється приймати заяву про зміну форми навчання!,0
"У душовій гуртожитку зламані замки, прошу відремонтувати",0
Прошу перевірити ситуацію: викладач виставив оцінку без проведення іспиту,0
хочу поскаржитись на неправомірне відрахування зі списку студентів,0
ок ок ок ок ок ок ок ок ок ок ок ок ок ок,1
"всі ви однакові, я напишу скрізь про вас!",1
"Я розчарований ставленням адміністрації до студентів, хочу подати офіційну скаргу",0
адміністрація не реагує на колективне звернення нашої групи,0
"всі ви тупі, це вам так не зійде",1
"Хочу поскаржитись на викладача з математики — він постійно запізнюється на 20-30 хвилин, будь ласка",0
"прошу пояснити, чому мені не нарахували стипендію цього місяця",0
щіщьфуьцвчймоівнчґьр!,1
"у комп'ютерному класі не працює половина комп'ютерів, неможливо виконувати лабораторні",0
test test test,1
"Лектор читає лекції зі старих слайдів 2010 року, матеріал застарілий",0
"всі ви недоумки, я напишу скрізь про вас!!!",1
Скільки пропусків допускається до заліку?,0
е е е ДЕБІЛИ І ДУРНІ! ОСЬ ТАК.,1
"У душовій гуртожитку зламані замки, прошу відремонтувати",0
Прошу перевірити умови проживання в кімнаті 214 — там є плісень на стінах,0
"Сусіди в гуртожитку систематично шумлять вночі, заважають відпочивати",0
"Викладач грубить студентам, які задають запитання під час лекції",0
123456789 абвгдеєжз,1
Де знайти шаблон заяви на академічну відпустку?,0
Хочу поскаржитись на викладача з математики — він постійно запізнюється на 20-30 хвилин,0
Придурки і ще нікчеми і ще дебіли і ще олухи...,1
НІЧОГО ВИ МЕНІ НЕ ЗРОБИТЕ!!??,1
ВАШІ ПРАВИЛА ДЛЯ ЛОХІВ А НЕ ДЛЯ МЕНЕ,1
"ну ну 8ГФЛ7_,ЬЛҐ8Є1ГНХ!_Ю",1
"Мені соромно, але я мушу поскаржитися на поведінку одногрупників!",0
"ну ну ОСЬ ПОБАЧИТЕ ЩО Я ЗРОБЛЮ, ЗАПАМ'ЯТАЄТЕ МЕНЕ",1
е е е БО МДЖЛЗ ПЦАД ДЄЙПКМ УЬҐЇЙЧ ЩЧЦ ІЮ,1
"Як дізнатися свій номер студентського квитка?, будь ласка",0
ого-го ого-го,1
Де знайти шаблон заяви на академічну відпустку?,0
БІЛЬШЕ НЕ ПРИЙДУ! ПОКИДЬКИ!,1
"Викладач з інформатики не пояснює матеріал, просто читає з книги вголос!",0
Викладач з іноземної мови вимагає дорогі підручники тільки від конкретного видавництва,0
Прошу розглянути: студентів виселяють з гуртожитку без попередження,0
Як оформити академічну відпустку за станом здоров'я?,0
Коли починається запис на курсові роботи цього семестру?,0
"я розчарований ставленням адміністрації до студентів, хочу подати офіційну скаргу",0
бездарності управляють коледжем,1
ну ну готуйтесь до наслідків! все це лайно!,1
тра-ля-ля тра-ля-ля,1
Комендант гуртожитку грубить студентам і погрожує виселенням без підстав,0
хахаха,1
Хочу оскаржити оцінку на іспиті — вважаю що перевірка була несправедливою,0
"Викладач грубить студентам, які задають запитання під час лекції, прошу допомогти",0
"Вибачте що турбую, але не знаю до кого ще звернутися з цим питанням",0
"!р?щ4гр,щє3!",1
"ви дочекаєтесь, придурки!",1
Прошу розглянути питання щодо неправомірного стягнення плати за навчання,0
"скарга: у гуртожитку вже тиждень не працює опалення, дуже холодно",0
ееееє ееееє,1
Як можна отримати рекомендаційний лист від викладача?,0
"Де можна роздрукувати матеріали до захисту курсової?, дякую",0
"Деканат не видає довідку про навчання вже два тижні, постійно відмовляють",0
"Прошу допомогти: у розкладі помилка, нас відправили в неіснуючу аудиторію",0
"У гуртожитку не прибирають загальні приміщення, антисанітарія",0
"У душовій гуртожитку зламані замки, прошу відремонтувати",0
"Прошу замінити лампи в коридорі другого поверху, там темно",0
Де здають документи для оформлення стипендії?,0
"мене не внесли до списку на отримання матеріальної допомоги, хоча маю право",0
Лузери а також нікчеми!,1
У туалеті на другому поверсі не працює вентиляція вже два тижні,0
"Як оскаржити оцінку з іспиту офіційно?, прошу допомогти",0
чьмфлв бя клчє,1
"Підкажіть, хто відповідає за розклад іспитів?",0
"Лектор читає лекції зі старих слайдів 2010 року, матеріал застарілий!",0
"Прошу поставитися до мого звернення серйозно, мені справді потрібна допомога!",0
test test test,1
"Викладач з математики пояснює тему лише один раз і відмовляється повторювати, дякую",0
НУ АГАГАГА НУ!!!,1
Прошу пояснити порядок відновлення після академічної відпустки,0
"У їдальні закінчуються страви о 12:00, більшість студентів залишаються без обіду, дякую",0
Як оскаржити оцінку з іспиту офіційно?,0
"Я дуже засмучений ситуацією з викладачем, прошу допомогти розібратися",0
лузери і невдахи всі тут,1
е е е ЗУПИНІТЬСЯ ІНАКШЕ БУДЕ ПОГАНО,1
Викладач постійно скасовує пари без попередження і не відпрацьовує їх!,0
ОТ ХАХАХА ОТ,1
"Викладач з фізики ставить незадовільні оцінки без пояснень, це несправедливо",0
"Як дізнатися результати іспиту, якщо їх досі не виставили в журнал?",0
ОТ НУ НУ НУ ОТ,1
хм хм хм,1
"Де можна роздрукувати матеріали до захисту курсової?, прошу допомогти",0
Як оскаржити оцінку з іспиту офіційно?,0
"ВАМ ЦЕ ТАК НЕ ЗІЙДЕ, Я НЕ ЗДАМСЯ",1
"ну ну ??!,???!!?,!..,,..?...",1
"всі ви однакові, попереджаю востаннє!",1
ну і що ну і що ну і що!!!,1
"У комп'ютерному класі не працює половина комп'ютерів, неможливо виконувати лабораторні",0
Як дізнатися свій номер студентського квитка?,0
яка процедура поновлення після відрахування?,0
Чи є можливість перевестися на заочну форму навчання?,0
"Підкажіть, хто відповідає за розклад іспитів?",0
сьогодні хороша погода,1
"Сусіди в гуртожитку систематично шумлять вночі, заважають відпочивати",0
Я вже кілька разів намагався вирішити це питання і щоразу мене відправляють далі,0
хтось живий тут взагалі,1
"НЕНАВИДЖУ ЦЕЙ КОЛЕДЖ, ГОТУЙТЕСЬ ДО НАСЛІДКІВ!!!??",1
"Адміністрація не відповідає на звернення щодо переведення на іншу спеціальність, прошу допомогти",0
Прошу розглянути скаргу на незаконне заселення сторонніх у гуртожиток,0
"е е е всі ви лузери, я знайду на вас управу...",1
Це несправедливо і я хочу щоб хтось нарешті розібрався з цим,0
"Хочу поскаржитись на неправомірне відрахування зі списку студентів, прошу допомогти",0
Викладач постійно скасовує пари без попередження і не відпрацьовує їх,0
Прошу розглянути питання щодо неправомірного стягнення плати за навчання,0
плювати я хотів на цей коледж,1
"ВСІ ВИ ОДНАКОВІ, ВАМ ЦЕ ТАК НЕ МИНЕ!",1
"Я дуже засмучений ситуацією з викладачем, прошу допомогти розібратися",0
ьфщцьобмзбьцщтдпштїпдґр,1
нічого ви мені не зробите,1
е е е БЛА БЛА БЛА,1
Комендант гуртожитку грубить студентам і погрожує виселенням без підстав,0
прошу розібрати ситуацію: викладач не зараховує лабораторні без пояснення причини,0
"Як дізнатися результати іспиту, якщо їх досі не виставили в журнал?",0
е е е Олухи а також жлоби а також дебіли! Зрозуміли?,1
Де здають документи для оформлення стипендії?,0
"Вибачте що турбую, але не знаю до кого ще звернутися з цим питанням",0
Де подати заяву на підвищену стипендію?,0
"Чи можу я самостійно обрати тему дипломної роботи?, будь ласка",0
БЕЗДАРИ А ТАКОЖ БОВДУРИ А ТАКОЖ НІКЧЕМИ! ЗРОЗУМІЛИ?!!??,1
КРЕТИНИ ТА ДЕБІЛИ ТА ОЛУХИ!!,1
"У душовій гуртожитку зламані замки, прошу відремонтувати, будь ласка",0
Прошу розглянути: студентів виселяють з гуртожитку без попередження,0
"Деканат вимагає документи, яких немає в переліку вступних вимог",0
Йдіть та придурки!!,1
Хочу подати скаргу: викладач з хімії принижує студентів перед аудиторією,0
"Сусіди в гуртожитку систематично шумлять вночі, заважають відпочивати",0
"готуйтесь, я не такий як всі студенти",1
е е е !!!???!!!???,1
ЕЙ ЕЙ ЕЙ ЕЙ ЕЙ ЕЙ ЕЙ ЕЙ ЕЙ ЕЙ ЕЙ ЕЙ ЕЙ ЕЙ,1
"мені не виписали студентський квиток, хоча навчаюсь вже три місяці",0
Прошу пояснити порядок відновлення після академічної відпустки,0
"я знайду на вас управу, тупі бюрократи!!!",1
"Викладач з економіки не пускає на іспит без особистого підпису куратора, якого немає",0
прошу перевірити ситуацію: викладач виставив оцінку без проведення іспиту,0
Прошу перевірити умови проживання в кімнаті 214 — там є плісень на стінах,0
"У кімнаті зламані меблі, вже місяць просимо замінити — нічого не робиться",0
"Вибачте що турбую, але не знаю до кого ще звернутися з цим питанням",0
"Ліфт у гуртожитку не працює вже два тижні, незручно студентам з інвалідністю",0
Де можна отримати студентський квиток?,0
"Прошу пояснити, за якою підставою з мене стягують додаткову плату за гуртожиток!",0
"Хочу записатися на прийом до ректора, дякую",0
"Прошу відремонтувати парти в аудиторії 305, частина з них зламана, прошу допомогти",0
"Це вже третє звернення, ніхто не реагує на проблему в гуртожитку",0
Адміністрація не відповідає на звернення щодо переведення на іншу спеціальність,0
"Розумію що у вас багато звернень, але моя ситуація дійсно потребує допомоги",0
"Де можна отримати довідку про місце навчання для соціальних служб?, будь ласка",0
куратор не підписує обхідний лист вже третій тиждень без жодних причин,0
о-о-о о-о-о,1
"Деканат вимагає документи, яких немає в переліку вступних вимог",0
"У їдальні закінчуються страви о 12:00, більшість студентів залишаються без обіду",0
"Викладач з інформатики не пояснює матеріал, просто читає з книги вголос",0
е е е сзс;фва0р;06п5???,1
"прошу терміново втрутитися, ситуація критична — мене можуть відрахувати через помилку",0
Прошу перевірити умови проживання в кімнаті 214 — там є плісень на стінах,0
"Прошу відремонтувати парти в аудиторії 305, частина з них зламана, дякую",0
"Я не можу зосередитися на навчанні через умови в гуртожитку, прошу допомогти",0
Викладач з іноземної мови вимагає дорогі підручники тільки від конкретного видавництва,0
фівапролджє???,1
Де можна отримати студентський квиток?,0
"У 301 аудиторії не працює проєктор, викладач не може показувати матеріал",0
"Хочу записатися на прийом до ректора, будь ласка!",0
"У нашій кімнаті в гуртожитку тече дах, комендант ігнорує звернення, дякую!",0
ЦЄЮЄ  ЦЄЮЄ  ЦЄЮЄ  ЦЄЮЄ  ЦЄЮЄ  ЦЄЮЄ  ЦЄЮЄ,1
ВАШІ ПРАВИЛА ДЛЯ ЛОХІВ А НЕ ДЛЯ МЕНЕ,1
Коли починається запис на курсові роботи цього семестру?,0
"Я дуже засмучений ситуацією з викладачем, прошу допомогти розібратися!",0
КВОҐ  КВОҐ  КВОҐ  КВОҐ  !,1
ну ну ла-ла-ла!,1
На парі з правознавства викладач обговорює особисте життя студентів,0
"готуйтесь, я не такий як всі студенти!!!",1
"Wi-Fi у бібліотеці працює дуже повільно, неможливо користуватися навчальними ресурсами, прошу допомогти",0
адміністрація не відповідає на звернення щодо переведення на іншу спеціальність,0
Комендант гуртожитку грубить студентам і погрожує виселенням без підстав,0
ГА ГА ГА ГА ГА ГА ГА...,1
"розумію що у вас багато звернень, але моя ситуація дійсно потребує допомоги",0
"я напишу на вас скрізь, ви ще пожалкуєте",1
підкажіть номер телефону медпункту,0
все це лайно! Тупняки!...,1
"Я вже кілька разів намагався вирішити це питання і щоразу мене відправляють далі, будь ласка",0
ну ну ІДІОТИ І ЩЕ ПРОВАЛЮЙТЕСЬ...,1
"У нашій кімнаті в гуртожитку тече дах, комендант ігнорує звернення",0
ТУПНЯКИ ТА ДУРНІ!,1
"Викладач з фізики ставить незадовільні оцінки без пояснень, це несправедливо",0
"У кімнаті зламані меблі, вже місяць просимо замінити — нічого не робиться",0
гей гей гей гей гей гей гей,1
ну ну ПІНГ ПІНГ ПІНГ ПІНГ!,1
НІКЧЕМИ І ЩЕ ЛУЗЕРИ! ОСЬ ТАК.!!??,1
Прошу розглянути: студентів виселяють з гуртожитку без попередження,0
ну ну Незграби та ідіоти та дебіли та покидьки! Ось так....,1
ЕЙ ЕЙ ЕЙ ЕЙ ЕЙ ЕЙ ЕЙ ЕЙ ЕЙ ЕЙ ЕЙ ЕЙ ЕЙ ЕЙ ЕЙ ЕЙ ЕЙ ЕЙ!!!,1
фівапролджє,1
йцукенгшщзх,1
"е е е всі ви тупі, попереджаю востаннє",1
"Я вже кілька разів намагався вирішити це питання і щоразу мене відправляють далі, будь ласка",0
е е е це взагалі щось читає чи ні,1
"Прошу допомогти: у розкладі помилка, нас відправили в неіснуючу аудиторію",0
самі дурні навчають дурних!!??,1
"Скільки пропусків допускається до заліку?, прошу допомогти",0
"Викладач з математики пояснює тему лише один раз і відмовляється повторювати, прошу допомогти",0
Це несправедливо і я хочу щоб хтось нарешті розібрався з цим,0
"Де знайти шаблон заяви на академічну відпустку?, дякую",0
от е-е-е от,1
"мені не виписали студентський квиток, хоча навчаюсь вже три місяці",0
НІЧОГО ЦІКАВОГО ПРОСТО НАПИСАВ ЩОБ НАПИСАТИ,1
Адміністрація не реагує на колективне звернення нашої групи,0
Адміністрація не надає інформацію про графік перескладання,0
е е е ок ок ок ок ок ок ок ок ок ок ок ок ок ок ок ок ок ок ок,1
ну ну ААААА ВСЕ НАБРИДЛО ІДІОТИ,1
Куратор не підписує обхідний лист вже третій тиждень без жодних причин,0
е е е вау вау вау вау,1
Прошу вирішити: в гуртожитку немає гарячої води вже 10 днів,0
Чи можу я самостійно обрати тему дипломної роботи?,0
де знаходиться студентська профспілка і як вона може допомогти?,0
"Прошу розглянути скаргу: викладач з програмування вимагає гроші за здачу заліку, прошу допомогти",0
"е е е ВСІ ВИ ТУПІ, ВИ ЩЕ ПОЧУЄТЕ ПРО МЕНЕ",1
Недоумки — ви про це пожалкуєте,1
Прошу розглянути скаргу на упереджене ставлення викладача до нашої групи,0
Прошу пояснити порядок відновлення після академічної відпустки,0
е е е НУ ОК ОК ОК НУ,1
Це несправедливо і я хочу щоб хтось нарешті розібрався з цим,0
Чи є можливість перевестися на заочну форму навчання?!,0
Хочу поскаржитись на викладача з математики — він постійно запізнюється на 20-30 хвилин,0
"ГОТУЙТЕСЬ ДО НАСЛІДКІВ, ТУПНЯКИ!",1
е е е попереджаю: ще раз і я розберуся з вами особисто!!!,1
це несправедливо і я хочу щоб хтось нарешті розібрався з цим,0
"у кімнаті зламані меблі, вже місяць просимо замінити — нічого не робиться",0
Де подати заяву на підвищену стипендію?,0
"Підкажіть, чи є можливість складати іспити достроково?",0
"о котрій відчиняється бібліотека?, прошу допомогти!",0
Де можна роздрукувати матеріали до захисту курсової?!,0
Де можна роздрукувати матеріали до захисту курсової?,0
НЕДОУМКИ ПЛЮС БЕЗМОЗКІ ПЛЮС НІКЧЕМИ! ЗРОЗУМІЛИ?,1
тра-ля-ля тра-ля-ля,1
ну ну Дебіли а також тупі...???,1
ЕЙ ЕЙ ЕЙ ЕЙ ЕЙ ЕЙ ЕЙ ЕЙ ЕЙ ЕЙ ЕЙ ЕЙ ЕЙ ЕЙ ЕЙ ЕЙ ЕЙ!,1
ААААА ААААА,1
"Я дуже засмучений ситуацією з викладачем, прошу допомогти розібратися, дякую",0
"Як оскаржити оцінку з іспиту офіційно?, будь ласка",0
"е е е мені байдуже на все, ви про це пожалкуєте!",1
"Підкажіть, хто відповідає за розклад іспитів?",0
Де можна роздрукувати матеріали до захисту курсової?,0
Комендант не дозволяє залишати ноутбук у кімнаті на канікулах — це законно?,0
ви ще мене запам'ятаєте! це просто смішно як погано!,1
Хочу оскаржити оцінку на іспиті — вважаю що перевірка була несправедливою,0
нннн ненавиджу всіх нннн,1
"всі тут тупі, вам треба закритися???",1
ХТО ГРАЄ У ФУТБОЛ СЬОГОДНІ ВВЕЧЕРІ,1
Чи можна отримати копію залікової книжки?,0
"сусіди в гуртожитку систематично шумлять вночі, заважають відпочивати",0
"мені не виписали студентський квиток, хоча навчаюсь вже три місяці",0
"прошу перевірити ситуацію: викладач виставив оцінку без проведення іспиту, будь ласка",0
ну ну плювати я хотів! Безмозкі!???,1
ХМ ХМ ХМ І ВСЕ,1
"викладач грубить студентам, які задають запитання під час лекції!",0
"Прошу розглянути: студентів виселяють з гуртожитку без попередження, прошу допомогти",0
ок ок ок ок ок ок ок!,1
Скільки пропусків допускається до заліку?,0
На парі з правознавства викладач обговорює особисте життя студентів,0
АААААААААААААААААА,1
ну ну Е-Е-Е,1
юм ндп бот шчірї ощхфдт вех южхє офраж,1
Ідіоти а також незграби а також покидьки а також дурні! Ось так....,1
"Викладач не відповідає на запитання студентів і одразу знижує оцінку за незнання, будь ласка",0
"Підкажіть, хто відповідає за розклад іспитів?",0
"я знайду на вас управу, тупі бюрократи",1
хочу поскаржитись на викладача з математики — він постійно запізнюється на 20-30 хвилин,0
"деканат відмовляється приймати заяву про зміну форми навчання, прошу допомогти",0
ну ну пінг пінг пінг пінг,1
Наш куратор ігнорує запитання на парах і говорить «самі розбирайтеся»,0
хтось живий тут взагалі,1
"Це вже третє звернення, ніхто не реагує на проблему в гуртожитку, будь ласка",0
"Прошу поставитися до мого звернення серйозно, мені справді потрібна допомога",0
е е е самі дурні навчають дурних,1
"Прошу пояснити, за якою підставою з мене стягують додаткову плату за гуртожиток",0
е е е йцукенгшщзх,1
"wi-Fi у бібліотеці працює дуже повільно, неможливо користуватися навчальними ресурсами",0
"У гуртожитку не прибирають загальні приміщення, антисанітарія, прошу допомогти",0
е е е АГАГАГА І ВСЕ...,1
Ідіоти і покидьки!!,1
е е е ОООООООООООООООО,1
Комендант гуртожитку грубить студентам і погрожує виселенням без підстав,0
"Деканат відмовляється приймати заяву про зміну форми навчання, будь ласка!",0
"як дізнатися результати іспиту, якщо їх досі не виставили в журнал?",0
У навчальному корпусі дуже холодно взимку — система опалення не справляється,0
ну ну ну ну ну ну!!!,1
ПГ ЬИТ УСЯК,1
Де здають документи для оформлення стипендії?,0
"Сусіди в гуртожитку систематично шумлять вночі, заважають відпочивати",0
"Мені дуже важко, викладач постійно мене виділяє і принижує перед групою",0
"прошу не ігнорувати мою скаргу, я вже зверталась до куратора і нічого не змінилось",0
"всі тут тупі, вам треба закритися",1
"Прошу оновити програмне забезпечення в комп'ютерному класі, воно застаріле",0
Мені відмовляють у академічній відпустці без пояснення підстав,0
"Я дуже засмучений ситуацією з викладачем, прошу допомогти розібратися",0
е е е Лузери плюс нікчеми!!,1
Скільки пропусків допускається до заліку?,0
"адміністрація не надає інформацію про графік перескладання, дякую",0
Дебіли а також тупі а також провалюйтесь...,1
"У їдальні закінчуються страви о 12:00, більшість студентів залишаються без обіду",0
Куратор не підписує обхідний лист вже третій тиждень без жодних причин,0
е е е Жлоби плюс тупари плюс придурки плюс безмозкі!,1
"Мені відмовляють у академічній відпустці без пояснення підстав, будь ласка",0
ну ну Провалюйтесь плюс бездарності!!...,1
"Прошу оновити програмне забезпечення в комп'ютерному класі, воно застаріле",0
е е е ну ну ну!???,1
наш куратор ігнорує запитання на парах і говорить «самі розбирайтеся»,0
"Скільки пропусків допускається до заліку?, будь ласка",0
"Прошу не ігнорувати мою скаргу, я вже зверталась до куратора і нічого не змінилось, прошу допомогти",0
"ВСІ ВИ ІДІОТИ, ВИ ПРО ЦЕ ПОЖАЛКУЄТЕ",1
"мене не внесли до списку на отримання матеріальної допомоги, хоча маю право",0
"НЕНАВИДЖУ ЦЕЙ КОЛЕДЖ, ІДІТЬ ВСІ ГЕТЬ...",1
Хочу подати скаргу: викладач з хімії принижує студентів перед аудиторією,0
"Прошу відремонтувати парти в аудиторії 305, частина з них зламана",0
"Викладач з інформатики не пояснює матеріал, просто читає з книги вголос",0
"У бібліотеці немає потрібного підручника з бухгалтерського обліку, коли він надійде?",0
"мені дуже важко, викладач постійно мене виділяє і принижує перед групою, будь ласка",0
Коли будуть відомі дати сесії на наступний семестр?,0
"Що робити, якщо пропустив іспит через хворобу?",0
ОООООООООООООООО,1
"Прошу терміново втрутитися, ситуація критична — мене можуть відрахувати через помилку",0
Провалюйтесь — готуйтесь до наслідків,1
"Прошу пояснити, чому мені не нарахували стипендію цього місяця!",0
Де знайти шаблон заяви на академічну відпустку?,0
"Хочу оскаржити оцінку на іспиті — вважаю що перевірка була несправедливою, дякую",0
Бездарності плюс незграби плюс покидьки!,1
"Прошу поставитися до мого звернення серйозно, мені справді потрібна допомога",0
Де можна отримати студентський квиток?,0
Придурки і ще бездарності! Зрозуміли?...,1
на парі з правознавства викладач обговорює особисте життя студентів,0
"У навчальному корпусі дуже холодно взимку — система опалення не справляється, дякую",0
йоу йоу,1
Комендант гуртожитку грубить студентам і погрожує виселенням без підстав,0
шяцн  шяцн  шяцн  шяцн  шяцн,1
ви всі ідіоти і я вам це доведу,1
"Добрий день, підкажіть розклад на цей тиждень",0
мій кіт зробив щось смішне вчора,1
от агагага от???,1
"Підкажіть, чи є можливість складати іспити достроково?, будь ласка",0
Комендант гуртожитку грубить студентам і погрожує виселенням без підстав,0
Коли буде наступна нарада студентського самоврядування?,0
ЙДІТЬ — ЦЕ ВАМ ТАК НЕ ЗІЙДЕ!,1
Де можна отримати довідку про місце навчання для соціальних служб?,0
"Де подати заяву на підвищену стипендію?, прошу допомогти!",0
"вам це так не зійде, я не здамся",1
"прошу пояснити, за якою підставою з мене стягують додаткову плату за гуртожиток",0
прошу розглянути скаргу на незаконне заселення сторонніх у гуртожиток,0
"ВСІ ВИ ТУПНЯКИ, ВАМ ЦЕ ТАК НЕ МИНЕ!!!",1
от тра-ля-ля от,1
"Прошу пояснити, чому мені не нарахували стипендію цього місяця!",0
Провалюйтесь і ще кретини і ще йдіть і ще дебіли! Ось так.,1
Хочу поскаржитись на викладача з математики — він постійно запізнюється на 20-30 хвилин,0
ну да-да-да ну,1
Наш викладач спізнюється на кожну пару мінімум на 15 хвилин,0
О котрій відчиняється бібліотека?,0
хочу подати скаргу: викладач з хімії принижує студентів перед аудиторією,0
у навчальному корпусі дуже холодно взимку — система опалення не справляється,0
ДА-ДА-ДА ДА-ДА-ДА,1
ідіть всі геть тра-ля-ля,1
Прошу встановити більше розеток в аудиторії 210 для заряджання ноутбуків,0
Прошу розглянути питання щодо неправомірного стягнення плати за навчання,0
"У гуртожитку не прибирають загальні приміщення, антисанітарія",0
га га га га га га га,1
ХА ХА ХА ХА ХА ХА ХА ХА ХА,1
Коли будуть відомі дати сесії на наступний семестр?,0
Як зв'язатися з деканом?,0
"Викладач з економіки не пускає на іспит без особистого підпису куратора, якого немає",0
ну ну пробуй пробуй нічого не вийде!,1
кччдятвьхдг2???,1
"ви ще мене запам'ятаєте, тупняки!!",1
"мені дуже важко, викладач постійно мене виділяє і принижує перед групою",0
ееееє,1
"всі ви бовдури, я знайду на вас управу",1
Викладач з іноземної мови вимагає дорогі підручники тільки від конкретного видавництва,0
фохл  фохл  фохл  фохл,1
Бездари плюс жлоби!...,1
"Скарга: у гуртожитку вже тиждень не працює опалення, дуже холодно, прошу допомогти",0
ДУРНІ А ТАКОЖ БЕЗДАРИ! ОСЬ ТАК.,1
"як дізнатися результати іспиту, якщо їх досі не виставили в журнал?",0
Де здають документи для оформлення стипендії?,0
У гуртожитку відсутнє освітлення на третьому поверсі,0
Хочу записатися на прийом до ректора,0
"У 301 аудиторії не працює проєктор, викладач не може показувати матеріал, будь ласка",0
Чи надається знижка на проїзд для студентів денної форми навчання?,0
Жлоби і лузери і нікчеми і тупі!...,1
"Сусіди в гуртожитку систематично шумлять вночі, заважають відпочивати",0
"наш куратор ігнорує запитання на парах і говорить «самі розбирайтеся», прошу допомогти",0
ТУПНЯКИ І ЛУЗЕРИ!!,1
"Чи можу я самостійно обрати тему дипломної роботи?, дякую",0
ну вау вау ну,1
"Викладач з економіки не пускає на іспит без особистого підпису куратора, якого немає",0
"Прошу пояснити, за якою підставою з мене стягують додаткову плату за гуртожиток",0
хочу подивитися як ви мене відрахуєте ха!!!,1
лузери і невдахи всі тут,1
"Вибачте що турбую, але не знаю до кого ще звернутися з цим питанням",0
нічого цікавого просто написав щоб написати!!??,1
Хочу оскаржити оцінку на іспиті — вважаю що перевірка була несправедливою!,0
Покидьки та незграби! Зрозуміли?,1
"Викладач грубить студентам, які задають запитання під час лекції, прошу допомогти",0
"Чи можна отримати копію залікової книжки?, дякую",0
е е е ГА ГА ГА ГА ГА ГА ГА???,1
Хочу оскаржити оцінку на іспиті — вважаю що перевірка була несправедливою,0
"Що робити, якщо пропустив іспит через хворобу?",0
"ви про це пожалкуєте, тупняки!",1
"Як дізнатися свій номер студентського квитка?, прошу допомогти",0
"Підкажіть номер телефону медпункту, дякую",0
1111111111111,1
"Коли будуть відомі дати сесії на наступний семестр?, прошу допомогти!",0
ЙЦУКЕНГШЩЗХ,1
"е е е дочекаєтесь від мене, ще побачите",1
Скільки пропусків допускається до заліку?,0
У туалеті на другому поверсі не працює вентиляція вже два тижні!,0
тупі викладачі і тупа адміністрація,1
"Мене не внесли до списку на отримання матеріальної допомоги, хоча маю право",0
деканат відмовляється приймати заяву про зміну форми навчання,0
Чи надається знижка на проїзд для студентів денної форми навчання?,0
"ВСІ ВИ ДУРНІ, ПОПЕРЕДЖАЮ ВОСТАННЄ",1
бездарності управляють коледжем???,1
Як зв'язатися з деканом?,0
ааааааааааааааааааааааааа,1
"у їдальні закінчуються страви о 12:00, більшість студентів залишаються без обіду",0
"підкажіть, хто відповідає за розклад іспитів?",0
ЛУЗЕРИ І ЩЕ БЕЗДАРНОСТІ І ЩЕ НЕДОУМКИ І ЩЕ БОВДУРИ! ЗРОЗУМІЛИ????,1
"всі ви нікчеми, готуйтесь до наслідків???",1
"Прошу поставитися до мого звернення серйозно, мені справді потрібна допомога",0
е е е ЖЛОБИ ТА ІДІОТИ ТА ПРОВАЛЮЙТЕСЬ ТА ТУПІ!,1
"Мені дуже важко, викладач постійно мене виділяє і принижує перед групою, дякую",0
"Розумію що у вас багато звернень, але моя ситуація дійсно потребує допомоги",0
хочу подати скаргу: викладач з хімії принижує студентів перед аудиторією,0
Хочу поскаржитись на викладача з математики — він постійно запізнюється на 20-30 хвилин,0
"Мені дуже важко, викладач постійно мене виділяє і принижує перед групою",0
"мені дуже важко, викладач постійно мене виділяє і принижує перед групою",0
Адміністрація не реагує на колективне звернення нашої групи,0
Викладач з математики пояснює тему лише один раз і відмовляється повторювати!,0
"У гуртожитку не прибирають загальні приміщення, антисанітарія",0
Є ХТОСЬ ТУТ Є ХТОСЬ ТУТ Є ХТОСЬ ТУТ,1
Де можна отримати студентський квиток?,0
Викладач дозволяє собі образливі коментарі щодо зовнішності студентів,0
е-е-е і все,1
Де можна отримати студентський квиток?,0
"Це вже третє звернення, ніхто не реагує на проблему в гуртожитку",0
"Я вже кілька разів намагався вирішити це питання і щоразу мене відправляють далі, будь ласка!",0
"Прошу не ігнорувати мою скаргу, я вже зверталась до куратора і нічого не змінилось!",0
"Деканат не видає довідку про навчання вже два тижні, постійно відмовляють",0
Наш викладач спізнюється на кожну пару мінімум на 15 хвилин,0
"Скарга: у гуртожитку вже тиждень не працює опалення, дуже холодно, будь ласка",0
"Вибачте що турбую, але не знаю до кого ще звернутися з цим питанням",0
Дебіли — я вам покажу!!!,1
"Прошу допомогти: у розкладі помилка, нас відправили в неіснуючу аудиторію, дякую",0
"У бібліотеці немає потрібного підручника з бухгалтерського обліку, коли він надійде?",0
"це вже третє звернення, ніхто не реагує на проблему в гуртожитку, будь ласка",0
ААААА ВСЕ НАБРИДЛО ІДІОТИ,1
МЕНІ ВСЕ ОДНО НА ВАШІ ПРАВИЛА,1
Викладач з математики пояснює тему лише один раз і відмовляється повторювати,0
"попереджаю востаннє, кретини!...",1
"ну ну всі ви дебіли, ось побачите що буде",1
Адміністрація не надає інформацію про графік перескладання,0
Я вже кілька разів намагався вирішити це питання і щоразу мене відправляють далі,0
"ви ще почуєте про мене, нікчеми!",1
Як оформити академічну відпустку за станом здоров'я?,0
А_;Є6О:ТЇ!6?ЕД9ШЮЧЦ.ЧС...,1
е е е Тупари плюс дебіли плюс олухи плюс придурки! Все!,1
"у комп'ютерному класі не працює половина комп'ютерів, неможливо виконувати лабораторні",0
Комендант гуртожитку грубить студентам і погрожує виселенням без підстав,0
"Як можна отримати рекомендаційний лист від викладача?, дякую",0
Де знаходиться студентська профспілка і як вона може допомогти?,0
НННН НЕНАВИДЖУ ВСІХ НННН,1
"Викладач з інформатики не пояснює матеріал, просто читає з книги вголос",0
Викладач постійно скасовує пари без попередження і не відпрацьовує їх!,0
Де знайти шаблон заяви на академічну відпустку?,0
"У 301 аудиторії не працює проєктор, викладач не може показувати матеріал",0
Чи є можливість перевестися на заочну форму навчання?,0
"вам це так не зійде, я не здамся",1
"Лектор читає лекції зі старих слайдів 2010 року, матеріал застарілий",0
Комендант гуртожитку грубить студентам і погрожує виселенням без підстав,0
ну ну НУ ЕЕЕЕЄ НУ,1
Коли буде наступна нарада студентського самоврядування?,0
"Підкажіть, хто відповідає за розклад іспитів?!",0
"Не знаю чи правильно пишу сюди, але хочу поскаржитися на умови навчання",0
"Прошу оновити програмне забезпечення в комп'ютерному класі, воно застаріле",0
Хочу подати скаргу: викладач з хімії принижує студентів перед аудиторією,0
"Як оформити академічну відпустку за станом здоров'я?, прошу допомогти!",0
"О котрій відчиняється бібліотека?, будь ласка",0
е е е сьогодні хороша погода,1
Прошу розібрати ситуацію: викладач не зараховує лабораторні без пояснення причини,0
наш викладач спізнюється на кожну пару мінімум на 15 хвилин,0
"Я ЗНАЙДУ НА ВАС УПРАВУ, ТУПІ БЮРОКРАТИ!!??",1
"Як дізнатися результати іспиту, якщо їх досі не виставили в журнал?",0
наш викладач спізнюється на кожну пару мінімум на 15 хвилин,0
бездарності управляють коледжем,1
Викладач з іноземної мови вимагає дорогі підручники тільки від конкретного видавництва,0
"У навчальному корпусі дуже холодно взимку — система опалення не справляється, прошу допомогти",0
скучно на парі тому пишу сюди,1
"Підкажіть, як подати заяву на перескладання іспиту з вищої математики?",0
Жлоби та тупі та нікчеми та безмозкі! Ось так.,1
ЕЕЕЕЄ,1
"Прошу не ігнорувати мою скаргу, я вже зверталась до куратора і нічого не змінилось",0
"всі ви дурні, ось побачите що буде...",1
"Мене не внесли до списку на отримання матеріальної допомоги, хоча маю право",0
ну ну Недоумки — ось побачите що буде,1
У туалеті на другому поверсі не працює вентиляція вже два тижні,0
"Я не можу зосередитися на навчанні через умови в гуртожитку, прошу допомогти",0
ааааа все набридло ідіоти,1
На парі з правознавства викладач обговорює особисте життя студентів,0
"Деканат вимагає документи, яких немає в переліку вступних вимог",0
"Що робити, якщо пропустив іспит через хворобу?",0
У гуртожитку відсутнє освітлення на третьому поверсі,0
"Ліфт у гуртожитку не працює вже два тижні, незручно студентам з інвалідністю",0
Викладач з математики пояснює тему лише один раз і відмовляється повторювати,0
АГАГАГА,1
"Яка процедура поновлення після відрахування?, дякую",0
а а а а а а а а а а а а а,1
КТЧРО БИ ІСЖҐИФ ВРНФП ЯИО ВСЗВЛ???,1
Викладач з математики пояснює тему лише один раз і відмовляється повторювати,0
Хочу записатися на прийом до ректора,0
Хочу подати скаргу: викладач з хімії принижує студентів перед аудиторією!,0
вау вау,1
"У нашій кімнаті в гуртожитку тече дах, комендант ігнорує звернення",0
Прошу розглянути питання щодо неправомірного стягнення плати за навчання,0
"Прошу поставитися до мого звернення серйозно, мені справді потрібна допомога",0
як оформити академічну відпустку за станом здоров'я?!,0
о котрій відчиняється бібліотека?!,0
ну ну плювати я хотів! Ідіоти!...,1
"е е е всі ви однакові, я розберуся з вами!",1
викладач не відповідає на запитання студентів і одразу знижує оцінку за незнання,0
Чи надається знижка на проїзд для студентів денної форми навчання?,0
Викладач постійно скасовує пари без попередження і не відпрацьовує їх,0
ну ну о о о о о о о о о о,1
Адміністрація не відповідає на звернення щодо переведення на іншу спеціальність!,0
е е е О-О-О І ВСЕ,1
"прошу оновити програмне забезпечення в комп'ютерному класі, воно застаріле",0
"У нашій кімнаті в гуртожитку тече дах, комендант ігнорує звернення, будь ласка",0
"Що робити, якщо пропустив іспит через хворобу?",0
Прошу встановити більше розеток в аудиторії 210 для заряджання ноутбуків,0
Куратор не підписує обхідний лист вже третій тиждень без жодних причин,0
ВАШІ ПРАВИЛА ДЛЯ ЛОХІВ А НЕ ДЛЯ МЕНЕ,1
"у 301 аудиторії не працює проєктор, викладач не може показувати матеріал",0
Мені відмовляють у академічній відпустці без пояснення підстав,0
де здають документи для оформлення стипендії?,0
"У бібліотеці немає потрібного підручника з бухгалтерського обліку, коли він надійде?",0
О котрій відчиняється бібліотека?,0
чвдкредьпттркщвцжьіецщїл,1
"прошу перевірити ситуацію: викладач виставив оцінку без проведення іспиту, дякую",0
на парі з правознавства викладач обговорює особисте життя студентів,0
тра-ля-ля і все,1
ну ну хм хм хм хм хм хм!!!,1
Куратор не підписує обхідний лист вже третій тиждень без жодних причин,0
о котрій відчиняється бібліотека?,0
Я РОЗБЕРУСЯ З ВАМИ! ВСІ ВИ ОДНАКОВІ!,1
є є є є є є є є є є є є,1
"Прошу відремонтувати парти в аудиторії 305, частина з них зламана",0
Де можна отримати довідку про місце навчання для соціальних служб?,0
"НЕНАВИДЖУ ЦЕЙ КОЛЕДЖ, ІДІТЬ ВСІ ГЕТЬ",1
............,1
Хочу подати скаргу: викладач з хімії принижує студентів перед аудиторією,0
Недоумки і ще бездари і ще кретини!,1
Йдіть а також ідіоти а також кретини а також бовдури!,1
Бездари та незграби! Ось так....,1
Де знайти шаблон заяви на академічну відпустку?,0
ХМ ХМ ХМ???,1
"Де можна отримати студентський квиток?, будь ласка",0
НЕ ЗНАЮ ЩО НАПИСАТИ АЛЕ ПИШУ!,1
"всі тут тупі, вам треба закритися!",1
"Мені не виписали студентський квиток, хоча навчаюсь вже три місяці",0
Де подати заяву на підвищену стипендію?,0
ААААА І ВСЕ,1
Чи надається знижка на проїзд для студентів денної форми навчання?,0
"Підкажіть, хто відповідає за розклад іспитів?",0
"викладач з інформатики не пояснює матеріал, просто читає з книги вголос",0
Яка процедура поновлення після відрахування?,0
Як оформити академічну відпустку за станом здоров'я?,0
Коли будуть відомі дати сесії на наступний семестр?,0
"найгірше місце, ви ще мене запам'ятаєте!",1
.........,1
Хочу подати скаргу: викладач з хімії принижує студентів перед аудиторією,0
"е е е ненавиджу тут все, ви ще мене запам'ятаєте!!!!",1
Прошу вирішити: в гуртожитку немає гарячої води вже 10 днів,0
ок ок ок ок ок ок ок,1
не знаю що написати але пишу,1
АОЯУЗЮЩТФЬГЙФРЦЗГЇЧЙМ!,1
Мені відмовляють у академічній відпустці без пояснення підстав,0
е е е да да да да да да да да да да да да да да да да,1
"Викладач грубить студентам, які задають запитання під час лекції",0
підкажіть номер телефону медпункту,0
О котрій відчиняється бібліотека?,0
"у комп'ютерному класі не працює половина комп'ютерів, неможливо виконувати лабораторні",0
Підкажіть номер телефону медпункту,0
Безмозкі і тупі і незграби і тупари!,1
БОВДУРИ — ПОПЕРЕДЖАЮ ВОСТАННЄ!!!,1
----------,1
Де подати заяву на підвищену стипендію?,0
ОТ ХМ ХМ ХМ ОТ!!!,1
"У бібліотеці немає потрібного підручника з бухгалтерського обліку, коли він надійде?",0
"Скарга: у гуртожитку вже тиждень не працює опалення, дуже холодно",0
прошу розглянути скаргу на упереджене ставлення викладача до нашої групи,0
".,,?..??,..???",1
О котрій відчиняється бібліотека?,0
"У навчальному корпусі дуже холодно взимку — система опалення не справляється, дякую",0
Прошу розібрати ситуацію: викладач не зараховує лабораторні без пояснення причини,0
"ненавиджу цей коледж, ідіть всі геть",1
"Прошу не ігнорувати мою скаргу, я вже зверталась до куратора і нічого не змінилось",0
"Я не знаю що робити, мене несправедливо відрахували, будь ласка допоможіть",0
Чи можна отримати копію залікової книжки?,0
"Деканат не видає довідку про навчання вже два тижні, постійно відмовляють",0
Викладач з іноземної мови вимагає дорогі підручники тільки від конкретного видавництва,0
".,....!..?,?!,",1
ну ну ПРОВАЛЮЙТЕСЬ ПЛЮС ОЛУХИ ПЛЮС КРЕТИНИ ПЛЮС ДУРНІ!!,1
їюцсґсйжвеенбфтичхоічшкуґзюінртклюухрфь...,1
"Сусіди в гуртожитку систематично шумлять вночі, заважають відпочивати",0
Я вже кілька разів намагався вирішити це питання і щоразу мене відправляють далі,0
"ви ще мене запам'ятаєте, безмозкі!",1
ок ок ок ок ок ок ок,1
У гуртожитку відсутнє освітлення на третьому поверсі,0
де можна отримати студентський квиток?,0
Недоумки а також кретини а також тупари! Все!,1
Як можна отримати рекомендаційний лист від викладача?,0
прошу вирішити: в гуртожитку немає гарячої води вже 10 днів,0
Тупі і ще нікчеми! Все!...,1
просто перевіряю чи працює цей бот???,1
це несправедливо і я хочу щоб хтось нарешті розібрався з цим,0
"я розчарований ставленням адміністрації до студентів, хочу подати офіційну скаргу",0
Адміністрація не надає інформацію про графік перескладання,0
ого-го і все,1
хахаха дебіли управляють коледжем хаха,1
Як оскаржити оцінку з іспиту офіційно?,0
Викладач з іноземної мови вимагає дорогі підручники тільки від конкретного видавництва,0
Де можна отримати довідку про місце навчання для соціальних служб?!,0
"ЖЛОБИ І ХАМИ, БІЛЬШЕ НІЧОГО",1
"Мені соромно, але я мушу поскаржитися на поведінку одногрупників, прошу допомогти",0
скучно на парі тому пишу сюди,1
набридло все! Дебіли!!!??,1
Нікчеми і тупари! Ось так.,1
О котрій відчиняється бібліотека?,0
бездарності управляють коледжем???,1
"Прошу розглянути: студентів виселяють з гуртожитку без попередження, дякую",0
да-да-да!...,1
qwerty asdfgh zxcvbn,1
Викладач з математики пояснює тему лише один раз і відмовляється повторювати,0
"Хочу записатися на прийом до ректора, будь ласка",0
ДУРНІ ПЛЮС ДЕБІЛИ ПЛЮС НЕЗГРАБИ ПЛЮС БЕЗДАРИ! ОСЬ ТАК.,1
ну ну хаха хаха хаха хаха хаха,1
сєпі  сєпі  сєпі  сєпі  сєпі  сєпі  сєпі  !,1
нхквуіечайіібіцаеніхнюґгчб,1
"Я не знаю що робити, мене несправедливо відрахували, будь ласка допоможіть, дякую",0
Комендант не дозволяє залишати ноутбук у кімнаті на канікулах — це законно?,0
АГАГАГА АГАГАГА,1
бла бла бла нікому не потрібно бла бла,1
О котрій відчиняється бібліотека?,0
"У їдальні закінчуються страви о 12:00, більшість студентів залишаються без обіду!",0
просто так написав без причини,1
Прошу розглянути: студентів виселяють з гуртожитку без попередження,0
"я вам покажу де раки зимують, дебіли!!!",1
Прошу розглянути скаргу: викладач з програмування вимагає гроші за здачу заліку,0
"де подати заяву на підвищену стипендію?, дякую",0
фбкичштк,1
ла-ла-ла!,1
не знаю що написати але пишу,1
Комендант гуртожитку грубить студентам і погрожує виселенням без підстав,0
"На парі з правознавства викладач обговорює особисте життя студентів, дякую",0
Тупари плюс жлоби плюс бездари...,1
е е е НУ ОК ОК ОК НУ,1
"Розумію що у вас багато звернень, але моя ситуація дійсно потребує допомоги",0
"Наш викладач спізнюється на кожну пару мінімум на 15 хвилин, прошу допомогти",0
абвгдеєжзиіїйклмнопрстуфхцчшщьюя,1
!!!!!!!!!!!!!!!!!!!!??,1
ну ну нічого цікавого просто написав щоб написати,1
"Я не можу зосередитися на навчанні через умови в гуртожитку, прошу допомогти",0
АААААААААААААААААА!!??,1
Тупі і ще тупари і ще провалюйтесь і ще бездари...,1
"У кімнаті зламані меблі, вже місяць просимо замінити — нічого не робиться!",0
Бездари та бовдури та бездарності та тупари!!,1
"У душовій гуртожитку зламані замки, прошу відремонтувати",0
Скільки пропусків допускається до заліку?,0
Прошу розглянути скаргу на упереджене ставлення викладача до нашої групи,0
"Підкажіть, хто відповідає за розклад іспитів?",0
"Прошу не ігнорувати мою скаргу, я вже зверталась до куратора і нічого не змінилось!",0
"це вам так не зійде, бездари!",1
не знаю що написати але пишу,1
адміністрація не реагує на колективне звернення нашої групи!,0
Викладач з математики пояснює тему лише один раз і відмовляється повторювати,0
"Мене не внесли до списку на отримання матеріальної допомоги, хоча маю право, дякую",0
"Деканат вимагає документи, яких немає в переліку вступних вимог",0
ну йоу йоу ну,1
"прошу допомогти: у розкладі помилка, нас відправили в неіснуючу аудиторію",0
ГА ГА ГА ГА ГА ГА ГА ГА,1
"Прошу пояснити, чому мені не нарахували стипендію цього місяця",0
"мені дуже важко, викладач постійно мене виділяє і принижує перед групою!",0
Хочу записатися на прийом до ректора,0
"я знаю всіх вас, будьте готові до наслідків!!!",1
ну ну ААВВВГГГДДД,1
".,??.,.??",1
"Прошу розглянути скаргу на упереджене ставлення викладача до нашої групи, дякую",0
"Викладач грубить студентам, які задають запитання під час лекції",0
Жлоби та бездари та провалюйтесь!,1
О котрій відчиняється бібліотека?,0
Е-Е-Е!!!!,1
я знайду на вас управу! ненавиджу тут все!,1
"добрий день, підкажіть розклад на цей тиждень",0
ОТ Е-Е-Е ОТ!!??,1
Прошу пояснити порядок відновлення після академічної відпустки,0
прошу розглянути питання щодо неправомірного стягнення плати за навчання,0
Як дізнатися свій номер студентського квитка?,0
Викладач не відповідає на запитання студентів і одразу знижує оцінку за незнання,0
Викладач постійно скасовує пари без попередження і не відпрацьовує їх,0
Хочу подати скаргу: викладач з хімії принижує студентів перед аудиторією,0
Чи є можливість перевестися на заочну форму навчання?,0
Я РОЗБЕРУСЯ З ВАМИ! НЕНАВИДЖУ ЦЕЙ КОЛЕДЖ!,1
Олухи плюс лузери плюс покидьки плюс дебіли...,1
Бовдури — я напишу скрізь про вас,1
"деканат відмовляється приймати заяву про зміну форми навчання, будь ласка",0
"Прошу допомогти: у розкладі помилка, нас відправили в неіснуючу аудиторію",0
"Наш куратор ігнорує запитання на парах і говорить «самі розбирайтеся», прошу допомогти",0
На парі з правознавства викладач обговорює особисте життя студентів!,0
просто перевіряю чи працює цей бот,1
"я вам покажу де раки зимують, дебіли",1
Адміністрація не відповідає на звернення щодо переведення на іншу спеціальність,0
Наш викладач спізнюється на кожну пару мінімум на 15 хвилин,0
"Підкажіть, як подати заяву на перескладання іспиту з вищої математики?",0
ЦУВЄҐЇЦМБЛНМН,1
коли будуть відомі дати сесії на наступний семестр?,0
Прошу вирішити: в гуртожитку немає гарячої води вже 10 днів,0
е ну і що тупняки е ну і що,1
У туалеті на другому поверсі не працює вентиляція вже два тижні,0
"Мені дуже важко, викладач постійно мене виділяє і принижує перед групою",0
"Скарга: у гуртожитку вже тиждень не працює опалення, дуже холодно, дякую",0
Прошу перевірити умови проживання в кімнаті 214 — там є плісень на стінах,0
Яка процедура переведення з однієї групи до іншої?!,0
"Це вже третє звернення, ніхто не реагує на проблему в гуртожитку",0
"Деканат вимагає документи, яких немає в переліку вступних вимог, дякую",0
"Викладач з фізики ставить незадовільні оцінки без пояснень, це несправедливо",0
У гуртожитку відсутнє освітлення на третьому поверсі,0
"Деканат вимагає документи, яких немає в переліку вступних вимог",0
"БІЛЬШЕ НЕ ПРИЙДУ, ВИ ЩЕ МЕНЕ ЗАПАМ'ЯТАЄТЕ!",1
ну хахаха ну,1
от хей хей от,1
"Де можна отримати студентський квиток?, будь ласка",0
я вам покажу! жах жахливий!,1
"чи є можливість перевестися на заочну форму навчання?, прошу допомогти",0
ґщалхе гщ аґшюк рпїїв еєґше,1
Деканат відмовляється приймати заяву про зміну форми навчання,0
Чи можу я самостійно обрати тему дипломної роботи?,0
Незграби та покидьки та недоумки та дебіли! Ось так.,1
"Сусіди в гуртожитку систематично шумлять вночі, заважають відпочивати",0
прошу встановити більше розеток в аудиторії 210 для заряджання ноутбуків,0
Прошу перевірити умови проживання в кімнаті 214 — там є плісень на стінах,0
"Підкажіть, чи є можливість складати іспити достроково?",0
Дурні та придурки та покидьки!!...,1
Це несправедливо і я хочу щоб хтось нарешті розібрався з цим!,0
Чи надається знижка на проїзд для студентів денної форми навчання?,0
Прошу розглянути скаргу: викладач з програмування вимагає гроші за здачу заліку,0
Викладач не відповідає на запитання студентів і одразу знижує оцінку за незнання,0
ХЕЛЛО ВОРЛД ЦЕ ТЕСТ ПОВІДОМЛЕННЯ,1
"Прошу розглянути: студентів виселяють з гуртожитку без попередження, дякую!",0
МІЙ КІТ ЗРОБИВ ЩОСЬ СМІШНЕ ВЧОРА...,1
"я знайду на вас управу, тупі бюрократи???",1
викладач з іноземної мови вимагає дорогі підручники тільки від конкретного видавництва,0
Прошу розібрати ситуацію: викладач не зараховує лабораторні без пояснення причини,0
коли буде наступна нарада студентського самоврядування?,0
ну е-е-е ну,1
йґчх еє ап чхбшйз ппшїь тундьч,1
ІДІОТИ ПЛЮС КРЕТИНИ...,1
Де можна роздрукувати матеріали до захисту курсової?,0
"Прошу не ігнорувати мою скаргу, я вже зверталась до куратора і нічого не змінилось",0
ААААА ВСЕ НАБРИДЛО ІДІОТИ!!!,1
"готуйтесь, я не такий як всі студенти???",1
У навчальному корпусі дуже холодно взимку — система опалення не справляється,0
"Деканат відмовляється приймати заяву про зміну форми навчання, дякую",0
бла бла бла і все,1
да-да-да,1
Викладач з математики пояснює тему лише один раз і відмовляється повторювати,0
Де подати заяву на підвищену стипендію?,0
Комендант гуртожитку грубить студентам і погрожує виселенням без підстав,0
"Прошу замінити лампи в коридорі другого поверху, там темно",0
"ви про це пожалкуєте, ідіоти!",1
Бездари і ще ідіоти і ще кретини! Зрозуміли?,1
"Я не можу зосередитися на навчанні через умови в гуртожитку, прошу допомогти",0
ячвр аойз чойжж,1
У гуртожитку відсутнє освітлення на третьому поверсі,0
ДУРНІ — Я ВАМ ПОКАЖУ,1
Коли будуть відомі дати сесії на наступний семестр?,0
адміністрація не відповідає на звернення щодо переведення на іншу спеціальність,0
"Я НАПИШУ НА ВАС СКРІЗЬ, ВИ ЩЕ ПОЖАЛКУЄТЕ",1
Де здають документи для оформлення стипендії?,0
Викладач з іноземної мови вимагає дорогі підручники тільки від конкретного видавництва,0
жвухж дь лашц ечсьз аплп мєирк їь,1
"це несправедливо і я хочу щоб хтось нарешті розібрався з цим, будь ласка",0
Лузери — я напишу скрізь про вас...,1
Адміністрація не відповідає на звернення щодо переведення на іншу спеціальність,0
"Викладач з інформатики не пояснює матеріал, просто читає з книги вголос",0
"Я не можу зосередитися на навчанні через умови в гуртожитку, прошу допомогти",0
ок ок ок ок ок ок,1
самі дурні навчають дурних,1
"Вибачте що турбую, але не знаю до кого ще звернутися з цим питанням",0
Нікчеми і безмозкі...,1
ІДІОТИ І ДЕБІЛИ І ЖЛОБИ І БОВДУРИ!!,1
е е е це взагалі щось читає чи ні???,1
хочу записатися на прийом до ректора,0
Скільки пропусків допускається до заліку?,0
ну ну Придурки і безмозкі і бездарності!!,1
прошу перевірити умови проживання в кімнаті 214 — там є плісень на стінах,0
"Ліфт у гуртожитку не працює вже два тижні, незручно студентам з інвалідністю",0
"жах жахливий, я напишу скрізь про вас!",1
У туалеті на другому поверсі не працює вентиляція вже два тижні,0
"мені соромно, але я мушу поскаржитися на поведінку одногрупників",0
комендант гуртожитку грубить студентам і погрожує виселенням без підстав,0
хей хей!!!??,1
НІЧОГО НІЧОГО НІЧОГО НІЧОГО,1
ок ок ок!,1
ого-го!,1
Хочу подати скаргу: викладач з хімії принижує студентів перед аудиторією,0
"прошу оновити програмне забезпечення в комп'ютерному класі, воно застаріле",0
Хочу поскаржитись на неправомірне відрахування зі списку студентів,0
!!!???!!!??????,1
test test test,1
ну ну Тупі а також лузери а також придурки...,1
Викладач з математики пояснює тему лише один раз і відмовляється повторювати,0
"е е е ВСІ ВИ ПРИДУРКИ, Я НАПИШУ СКРІЗЬ ПРО ВАС",1
Прошу розглянути питання щодо неправомірного стягнення плати за навчання,0
Як дізнатися свій номер студентського квитка?,0
"Викладач грубить студентам, які задають запитання під час лекції",0
Скільки пропусків допускається до заліку?,0
"у комп'ютерному класі не працює половина комп'ютерів, неможливо виконувати лабораторні",0
плювати я хотів на цей коледж...,1
Безмозкі і ще тупі! Ось так....,1
чи можна отримати копію залікової книжки?,0
ну ну всі ви однакові! Лузери!,1
О котрій відчиняється бібліотека?!,0
ну ну йоу йоу,1
їцсжсвікджхрїищлрсєошзм???,1
"Скарга: у гуртожитку вже тиждень не працює опалення, дуже холодно",0
ну ну !!!???!!!???,1
"У бібліотеці немає потрібного підручника з бухгалтерського обліку, коли він надійде?",0
е е е ез тцшзяу ид рйлб щсржд фіц йухь...,1
Е-Е-Е!,1
зї!ює1т4зґжф,1
"Я НАПИШУ СКРІЗЬ ПРО ВАС, БЕЗДАРНОСТІ!",1
"хочу щоб все горіло, ви дочекаєтесь!...",1
ну ну уууу і все,1
е е е БЕЗДАРНОСТІ ТА ПРИДУРКИ ТА НІКЧЕМИ! ВСЕ!,1
"Викладач з фізики ставить незадовільні оцінки без пояснень, це несправедливо",0
"Сусіди в гуртожитку систематично шумлять вночі, заважають відпочивати",0
Як зв'язатися з деканом?!,0
"готуйтесь, я не такий як всі студенти!!??",1
Адміністрація не надає інформацію про графік перескладання,0
ок ок ок ок ок ок ок ок ок???,1
"Прошу допомогти: у розкладі помилка, нас відправили в неіснуючу аудиторію",0
"я знайду на вас управу, покидьки!!!??",1
У туалеті на другому поверсі не працює вентиляція вже два тижні,0
Коли будуть відомі дати сесії на наступний семестр?,0
Коли будуть відомі дати сесії на наступний семестр?,0
"Добрий день, підкажіть розклад на цей тиждень",0
"Мене не внесли до списку на отримання матеріальної допомоги, хоча маю право",0
"Коли будуть відомі дати сесії на наступний семестр?, дякую",0
Підкажіть номер телефону медпункту,0
"Деканат не видає довідку про навчання вже два тижні, постійно відмовляють",0
викладач з математики пояснює тему лише один раз і відмовляється повторювати,0
де знайти шаблон заяви на академічну відпустку?,0
"мені соромно, але я мушу поскаржитися на поведінку одногрупників",0
хахаха дебіли управляють коледжем хаха!!!,1
"Wi-Fi у бібліотеці працює дуже повільно, неможливо користуватися навчальними ресурсами",0
Адміністрація не відповідає на звернення щодо переведення на іншу спеціальність,0
"У кімнаті зламані меблі, вже місяць просимо замінити — нічого не робиться",0
"Це вже третє звернення, ніхто не реагує на проблему в гуртожитку",0
Тупі плюс тупари...???,1
Покидьки плюс недоумки плюс жлоби плюс дебіли!!,1
ну ну НУ ЕЕЕЕЄ НУ,1
пннґю кнт сїяфм аитоу,1
Принтер у студентському центрі не працює вже третій день,0
"Я розчарований ставленням адміністрації до студентів, хочу подати офіційну скаргу",0
"Прошу допомогти: у розкладі помилка, нас відправили в неіснуючу аудиторію, прошу допомогти!",0
"Прошу поставитися до мого звернення серйозно, мені справді потрібна допомога",0
"СЕИД:8,-2Б2И:",1
"Це вже третє звернення, ніхто не реагує на проблему в гуртожитку",0
ну ну ну ну ну ну,1
ну ну ну!,1
тра-ля-ля і все,1
"Прошу поставитися до мого звернення серйозно, мені справді потрібна допомога!",0
Хочу поскаржитись на неправомірне відрахування зі списку студентів!,0
лузери і невдахи всі тут,1
нічого нічого нічого нічого,1
ого-го,1
ну ну п6кбю?.неш338црнц:фзя6ю?їте,1
е е е хочу подивитися як ви мене відрахуєте ха,1
е е е НУ ДА-ДА-ДА НУ!!!,1
Адміністрація не реагує на колективне звернення нашої групи,0
"Наш викладач спізнюється на кожну пару мінімум на 15 хвилин, будь ласка",0
Чи можу я самостійно обрати тему дипломної роботи?,0
"е е е ґ9м?1ьжітущясхмексн8,7юпех1с8!!??",1
у навчальному корпусі дуже холодно взимку — система опалення не справляється,0
"деканат вимагає документи, яких немає в переліку вступних вимог, прошу допомогти",0
"Де можна отримати довідку про місце навчання для соціальних служб?, дякую",0
де можна отримати довідку про місце навчання для соціальних служб?,0
"у нашій кімнаті в гуртожитку тече дах, комендант ігнорує звернення",0
"Прошу замінити лампи в коридорі другого поверху, там темно",0
Коли будуть відомі дати сесії на наступний семестр?,0
Де можна отримати студентський квиток?,0
коли буде наступна нарада студентського самоврядування?,0
"Яка процедура поновлення після відрахування?, будь ласка",0
"Прошу пояснити, чому мені не нарахували стипендію цього місяця",0
"мене не внесли до списку на отримання матеріальної допомоги, хоча маю право!",0
Адміністрація не реагує на колективне звернення нашої групи,0
"Прошу пояснити, за якою підставою з мене стягують додаткову плату за гуртожиток",0
ну ну лїлр  лїлр  лїлр  лїлр  лїлр,1
"Підкажіть, як подати заяву на перескладання іспиту з вищої математики?",0
На парі з правознавства викладач обговорює особисте життя студентів,0
ОГО-ГО ЯКІ ТУПІ ОГО-ГО!,1
Де можна роздрукувати матеріали до захисту курсової?,0
"е е е НЕНАВИДЖУ ТУТ ВСЕ, Я РОЗБЕРУСЯ З ВАМИ!",1
ну ну а що ти мені зробиш а,1
ТУПІ ПЛЮС БЕЗДАРНОСТІ! ВСЕ!,1
НЕНАВИДЖУ ЦЕЙ КОЛЕДЖ! КРЕТИНИ!,1
ндґца єфєиь хжавж лє,1
ТРА-ЛЯ-ЛЯ,1
"Прошу замінити лампи в коридорі другого поверху, там темно, прошу допомогти",0
от бла бла бла от,1
"Прошу поставитися до мого звернення серйозно, мені справді потрібна допомога, дякую",0
"Скарга: у гуртожитку вже тиждень не працює опалення, дуже холодно!",0
"Я дуже засмучений ситуацією з викладачем, прошу допомогти розібратися",0
це несправедливо і я хочу щоб хтось нарешті розібрався з цим,0
Хочу поскаржитись на неправомірне відрахування зі списку студентів,0
Хочу подати скаргу: викладач з хімії принижує студентів перед аудиторією,0
У туалеті на другому поверсі не працює вентиляція вже два тижні,0
їїїїїїїїїїїї...,1
це несправедливо і я хочу щоб хтось нарешті розібрався з цим,0
Як зв'язатися з деканом?,0
"ДОЧЕКАЄТЕСЬ ВІД МЕНЕ, ЩЕ ПОБАЧИТЕ...",1
Куратор не підписує обхідний лист вже третій тиждень без жодних причин,0
МДЯЯСЧХМЙ,1
ну ну більше не прийду! Провалюйтесь!,1
"Мені соромно, але я мушу поскаржитися на поведінку одногрупників",0
"Розумію що у вас багато звернень, але моя ситуація дійсно потребує допомоги",0
ну і що ну і що ну і що!,1
Комендант гуртожитку грубить студентам і погрожує виселенням без підстав,0
"Викладач з економіки не пускає на іспит без особистого підпису куратора, якого немає, будь ласка",0
"Прошу пояснити, за якою підставою з мене стягують додаткову плату за гуртожиток",0
Яка процедура переведення з однієї групи до іншої?,0
аавввгггддд!!??,1
"Де можна роздрукувати матеріали до захисту курсової?, будь ласка",0
"Підкажіть номер телефону медпункту, будь ласка!",0
"Викладач з фізики ставить незадовільні оцінки без пояснень, це несправедливо!",0
ТУПАРИ — Я РОЗБЕРУСЯ З ВАМИ,1
Прошу розібрати ситуацію: викладач не зараховує лабораторні без пояснення причини,0
ви ще почуєте про мене! жах жахливий!!,1
"У 301 аудиторії не працює проєктор, викладач не може показувати матеріал",0
"Я НАПИШУ СКРІЗЬ ПРО ВАС, БЕЗДАРНОСТІ!",1
Прошу перевірити ситуацію: викладач виставив оцінку без проведення іспиту,0
ВАШІ ПРАВИЛА ДЛЯ ЛОХІВ А НЕ ДЛЯ МЕНЕ,1
е е е .....................,1
"ось побачите що буде, кретини!",1
Прошу розглянути скаргу на незаконне заселення сторонніх у гуртожиток,0
"викладач грубить студентам, які задають запитання під час лекції!",0
"ось побачите що я зроблю, запам'ятаєте мене!!??",1
ааааа все набридло ідіоти!!??,1
"Сусіди в гуртожитку систематично шумлять вночі, заважають відпочивати",0
Чи можна отримати копію залікової книжки?,0
от хахаха от,1
Де можна роздрукувати матеріали до захисту курсової?,0
комендант гуртожитку грубить студентам і погрожує виселенням без підстав,0
ви дочекаєтесь! всі ви однакові!...,1
"Викладач з економіки не пускає на іспит без особистого підпису куратора, якого немає, будь ласка",0
Хочу оскаржити оцінку на іспиті — вважаю що перевірка була несправедливою!,0
Де здають документи для оформлення стипендії?,0
"Що робити, якщо пропустив іспит через хворобу?",0
"На парі з правознавства викладач обговорює особисте життя студентів, будь ласка",0
"прошу замінити лампи в коридорі другого поверху, там темно",0
Т3ЗБЦДХТ1ДЗ5Ж,1
"У 301 аудиторії не працює проєктор, викладач не може показувати матеріал",0
"Скарга: у гуртожитку вже тиждень не працює опалення, дуже холодно, прошу допомогти",0
"ВСІ ВИ БОВДУРИ, Я РОЗБЕРУСЯ З ВАМИ",1
"Скарга: у гуртожитку вже тиждень не працює опалення, дуже холодно",0
"підкажіть, хто відповідає за розклад іспитів?",0
Адміністрація не надає інформацію про графік перескладання,0
у гуртожитку відсутнє освітлення на третьому поверсі,0
"Прошу оновити програмне забезпечення в комп'ютерному класі, воно застаріле",0
хочу поскаржитись на викладача з математики — він постійно запізнюється на 20-30 хвилин,0
Підкажіть номер телефону медпункту,0
"У 301 аудиторії не працює проєктор, викладач не може показувати матеріал",0
БЕЗМОЗКІ І ЩЕ ТУПНЯКИ І ЩЕ ДЕБІЛИ І ЩЕ ТУПАРИ!!!??,1
Викладач не відповідає на запитання студентів і одразу знижує оцінку за незнання,0
Як зв'язатися з деканом?,0
прошу розібрати ситуацію: викладач не зараховує лабораторні без пояснення причини!,0
"я не знаю що робити, мене несправедливо відрахували, будь ласка допоможіть",0
Чи можна отримати копію залікової книжки?,0
спробуйте тільки щось зробити побачите,1
е е е Покидьки плюс провалюйтесь! Зрозуміли?,1
НУ І ЩО НУ І ЩО НУ І ЩО,1
"Ліфт у гуртожитку не працює вже два тижні, незручно студентам з інвалідністю",0
"Прошу замінити лампи в коридорі другого поверху, там темно",0
оооооооооооооооо???,1
"Коли буде наступна нарада студентського самоврядування?, прошу допомогти",0
Адміністрація не відповідає на звернення щодо переведення на іншу спеціальність,0
е е е гей гей гей гей гей гей гей,1
чи можна отримати копію залікової книжки?,0
"!!!???,!!!???,!.!?",1
Наш куратор ігнорує запитання на парах і говорить «самі розбирайтеся»,0
"Прошу пояснити, за якою підставою з мене стягують додаткову плату за гуртожиток",0
як оформити академічну відпустку за станом здоров'я?!,0
"готуйтесь, я не такий як всі студенти!!!",1
комендант не дозволяє залишати ноутбук у кімнаті на канікулах — це законно?,0
"Прошу не ігнорувати мою скаргу, я вже зверталась до куратора і нічого не змінилось",0
"я вам покажу, бездарності!???",1
ну ну Кретини плюс нікчеми!???,1
"у бібліотеці немає потрібного підручника з бухгалтерського обліку, коли він надійде?",0
"Що робити, якщо пропустив іспит через хворобу?",0
123456789 абвгдеєжз!!??,1
"Куратор не підписує обхідний лист вже третій тиждень без жодних причин, прошу допомогти",0
Це несправедливо і я хочу щоб хтось нарешті розібрався з цим!,0
!!!???!!!???,1
"Прошу оновити програмне забезпечення в комп'ютерному класі, воно застаріле!",0
Бездарності і ще йдіть! Зрозуміли?,1
"Прошу пояснити, за якою підставою з мене стягують додаткову плату за гуртожиток",0
Прошу розібрати ситуацію: викладач не зараховує лабораторні без пояснення причини,0
БІЛЬШЕ НЕ ПРИЙДУ! БЕЗДАРНОСТІ!,1
Адміністрація не надає інформацію про графік перескладання,0
"Прошу поставитися до мого звернення серйозно, мені справді потрібна допомога",0
Адміністрація не реагує на колективне звернення нашої групи,0
"Wi-Fi у бібліотеці працює дуже повільно, неможливо користуватися навчальними ресурсами!",0
"мене не внесли до списку на отримання матеріальної допомоги, хоча маю право",0
е е е ЙОУ ЙОУ ЙОУ ЙОУ,1
Наш куратор ігнорує запитання на парах і говорить «самі розбирайтеся»,0
Я ВАМ ПОКАЖУ! ПЛЮВАТИ Я ХОТІВ!...,1
е е е Безмозкі плюс провалюйтесь плюс йдіть плюс придурки...,1
Мені відмовляють у академічній відпустці без пояснення підстав,0
"Це вже третє звернення, ніхто не реагує на проблему в гуртожитку",0
Прошу розглянути: студентів виселяють з гуртожитку без попередження,0
"найгірше місце, я не залишу це просто так!",1
"Я не можу зосередитися на навчанні через умови в гуртожитку, прошу допомогти",0
"ну ну все це лайно, ви ще мене запам'ятаєте!!!??",1
У навчальному корпусі дуже холодно взимку — система опалення не справляється,0
я вже кілька разів намагався вирішити це питання і щоразу мене відправляють далі,0
де можна отримати студентський квиток?,0
дчпж  дчпж  дчпж  дчпж,1
е е е нікчеми ви всі без винятку,1
"Ліфт у гуртожитку не працює вже два тижні, незручно студентам з інвалідністю",0
улідиооаіїчкобмдідву,1
"ВСІ ВИ БЕЗДАРНОСТІ, Я РОЗБЕРУСЯ З ВАМИ",1
"Як дізнатися результати іспиту, якщо їх досі не виставили в журнал?, будь ласка",0
це несправедливо і я хочу щоб хтось нарешті розібрався з цим,0
"викладач з фізики ставить незадовільні оцінки без пояснень, це несправедливо",0
Хочу оскаржити оцінку на іспиті — вважаю що перевірка була несправедливою,0
Як оскаржити оцінку з іспиту офіційно?,0
"Скарга: у гуртожитку вже тиждень не працює опалення, дуже холодно",0
Йдіть а також дурні а також незграби! Все!,1
Як оформити академічну відпустку за станом здоров'я?,0
"Лектор читає лекції зі старих слайдів 2010 року, матеріал застарілий",0
"у кімнаті зламані меблі, вже місяць просимо замінити — нічого не робиться!",0
ну ну ок ок ок!...,1
викладач з математики пояснює тему лише один раз і відмовляється повторювати,0
як можна отримати рекомендаційний лист від викладача?,0
"Прошу пояснити, за якою підставою з мене стягують додаткову плату за гуртожиток",0
БЕЗДАРИ ТА НЕДОУМКИ ТА ДУРНІ! ОСЬ ТАК.,1
де знаходиться студентська профспілка і як вона може допомогти?,0
"не знаю чи правильно пишу сюди, але хочу поскаржитися на умови навчання",0
Скільки пропусків допускається до заліку?,0
Яка процедура поновлення після відрахування?,0
"я розчарований ставленням адміністрації до студентів, хочу подати офіційну скаргу",0
Йдіть а також покидьки а також бездарності!!!!!,1
Хочу поскаржитись на неправомірне відрахування зі списку студентів,0
е е е абвгдеєжзиіїйклмнопрстуфхцчшщьюя!,1
ЕСУМЗФ ЩИ ФБЗ ОЧУН ЩЩЗВТ ШЕ!,1
"мені дуже важко, викладач постійно мене виділяє і принижує перед групою",0
"хочу дізнатися, де знаходиться 305 аудиторія, прошу допомогти",0
"ну ну всі ви олухи, вам це так не мине!!!",1
Коли починається запис на курсові роботи цього семестру?,0
О котрій відчиняється бібліотека?,0
",!!???...",1
ЕЙ ЕЙ ЕЙ ЕЙ ЕЙ ЕЙ ЕЙ ЕЙ ЕЙ ЕЙ ЕЙ,1
де знаходиться студентська профспілка і як вона може допомогти?,0
ну ну НІКЧЕМИ ВИ ВСІ БЕЗ ВИНЯТКУ...,1
а що ти мені зробиш а,1
"Прошу замінити лампи в коридорі другого поверху, там темно!",0
"ОСЬ ПОБАЧИТЕ ЩО БУДЕ, ПРИДУРКИ!",1
"!?!?.!!,!.,.???..?.",1
е е е просто так написав без причини,1
",ь8яфїа-5гашдзґгз.нзїо!оюй!гт;",1
",.?!?,.?,!??,?!!!??",1
прошу встановити більше розеток в аудиторії 210 для заряджання ноутбуків,0
"сусіди в гуртожитку систематично шумлять вночі, заважають відпочивати",0
"Не знаю чи правильно пишу сюди, але хочу поскаржитися на умови навчання, прошу допомогти",0
"е е е це просто смішно як погано, ви про це пожалкуєте!",1
ну ну не знаю що написати але пишу,1
Прошу встановити більше розеток в аудиторії 210 для заряджання ноутбуків,0
я напишу скрізь про вас! все це лайно!,1
"Мені не виписали студентський квиток, хоча навчаюсь вже три місяці, дякую",0
"прошу встановити більше розеток в аудиторії 210 для заряджання ноутбуків, прошу допомогти",0
test test test,1
ОТ Е-Е-Е ОТ!,1
"Хочу поскаржитись на викладача з математики — він постійно запізнюється на 20-30 хвилин, прошу допомогти",0
ну ну ну ок ок ок ну,1
У навчальному корпусі дуже холодно взимку — система опалення не справляється,0
НУ ДА-ДА-ДА НУ,1
ХТО ГРАЄ У ФУТБОЛ СЬОГОДНІ ВВЕЧЕРІ,1
Хочу оскаржити оцінку на іспиті — вважаю що перевірка була несправедливою,0
Олухи і нікчеми і бездари! Все!,1
мені відмовляють у академічній відпустці без пояснення підстав,0
"Прошу допомогти: у розкладі помилка, нас відправили в неіснуючу аудиторію",0
"Викладач з фізики ставить незадовільні оцінки без пояснень, це несправедливо",0
ЇЇЇЇЇЇЇЇЇЇЇЇ,1
Прошу перевірити ситуацію: викладач виставив оцінку без проведення іспиту,0
Куратор не підписує обхідний лист вже третій тиждень без жодних причин,0
Чи можна отримати копію залікової книжки?,0
"Викладач з фізики ставить незадовільні оцінки без пояснень, це несправедливо!",0
ну ну ну,1
"Деканат не видає довідку про навчання вже два тижні, постійно відмовляють, прошу допомогти",0
"Прошу відремонтувати парти в аудиторії 305, частина з них зламана, дякую",0
"е е е найгірше місце, вам це так не мине!",1
"більше не прийду, я вам покажу!",1
!!!!!!!!!!!!!!!!!!,1
"У гуртожитку не прибирають загальні приміщення, антисанітарія, дякую!",0
У туалеті на другому поверсі не працює вентиляція вже два тижні,0
"Я вже кілька разів намагався вирішити це питання і щоразу мене відправляють далі, прошу допомогти",0
"Хочу дізнатися, де знаходиться 305 аудиторія, будь ласка",0
"Мене не внесли до списку на отримання матеріальної допомоги, хоча маю право",0
Ідіоти — я не залишу це просто так,1
агагага агагага,1
test test test,1
"Хочу подати скаргу: викладач з хімії принижує студентів перед аудиторією, дякую",0
"ш7,дщзфхж:8ух!!!",1
"Хочу записатися на прийом до ректора, будь ласка",0
Прошу розібрати ситуацію: викладач не зараховує лабораторні без пояснення причини,0
"Прошу поставитися до мого звернення серйозно, мені справді потрібна допомога",0
Де можна отримати довідку про місце навчання для соціальних служб?,0
ну і що ну і що ну і що,1
аавввгггддд,1
ІДІТЬ ВСІ ГЕТЬ ТРА-ЛЯ-ЛЯ,1
"Як оформити академічну відпустку за станом здоров'я?, прошу допомогти!",0
Мені відмовляють у академічній відпустці без пояснення підстав,0
Хочу записатися на прийом до ректора,0
"У бібліотеці немає потрібного підручника з бухгалтерського обліку, коли він надійде?",0
де здають документи для оформлення стипендії?,0
"я вам покажу де раки зимують, дебіли",1
Прошу розглянути скаргу на незаконне заселення сторонніх у гуртожиток,0
"Добрий день, підкажіть розклад на цей тиждень",0
Де знаходиться студентська профспілка і як вона може допомогти?,0
викладач дозволяє собі образливі коментарі щодо зовнішності студентів,0
у туалеті на другому поверсі не працює вентиляція вже два тижні,0
Адміністрація не відповідає на звернення щодо переведення на іншу спеціальність,0
ЕЕЕЕЄ!,1
??????????????????!!!,1
"У бібліотеці немає потрібного підручника з бухгалтерського обліку, коли він надійде?, дякую",0
Хочу записатися на прийом до ректора,0
Хочу поскаржитись на неправомірне відрахування зі списку студентів,0
"ну ну я знаю всіх вас, будьте готові до наслідків",1
"мені байдуже на все, я розберуся з вами!",1
І ЩО ДАЛІ ЩО ТИ ЗРОБИШ,1
"Прошу пояснити, за якою підставою з мене стягують додаткову плату за гуртожиток!",0
тупі викладачі і тупа адміністрація!,1
прошу розглянути питання щодо неправомірного стягнення плати за навчання,0
Як дізнатися свій номер студентського квитка?,0
"Прошу відремонтувати парти в аудиторії 305, частина з них зламана!",0
"Підкажіть номер телефону медпункту, будь ласка",0
"Я дуже засмучений ситуацією з викладачем, прошу допомогти розібратися",0
ну ну Придурки і ще бездари і ще провалюйтесь!,1
Де можна отримати довідку про місце навчання для соціальних служб?,0
Куратор не підписує обхідний лист вже третій тиждень без жодних причин,0
Провалюйтесь та олухи! Зрозуміли?,1
"я розчарований ставленням адміністрації до студентів, хочу подати офіційну скаргу!",0
"Як дізнатися результати іспиту, якщо їх досі не виставили в журнал?",0
"ну ну ВИ ВСІ НІКЧЕМИ, ГАНЬБА ЗАКЛАДУ",1
ок ок ок!!??,1
ідіть всі геть тра-ля-ля,1
"У 301 аудиторії не працює проєктор, викладач не може показувати матеріал",0
Коли будуть відомі дати сесії на наступний семестр?,0
"ВСІ ВИ ТУПАРИ, ОСЬ ПОБАЧИТЕ ЩО БУДЕ!!??",1
"Мені соромно, але я мушу поскаржитися на поведінку одногрупників",0
"Скарга: у гуртожитку вже тиждень не працює опалення, дуже холодно",0
"Підкажіть, як подати заяву на перескладання іспиту з вищої математики?",0
я вам покажу! це просто смішно як погано!,1
".,???,,!!..?",1
"Прошу відремонтувати парти в аудиторії 305, частина з них зламана",0
"Прошу поставитися до мого звернення серйозно, мені справді потрібна допомога",0
"Прошу оновити програмне забезпечення в комп'ютерному класі, воно застаріле!",0
Прошу розглянути питання щодо неправомірного стягнення плати за навчання,0
"що робити, якщо пропустив іспит через хворобу?",0
е е е тра-ля-ля,1
О котрій відчиняється бібліотека?,0
Адміністрація не реагує на колективне звернення нашої групи,0
жах жахливий! Провалюйтесь!!,1
тйоо  тйоо  тйоо  тйоо  тйоо,1
ну ну .....................,1
лузери і невдахи всі тут...,1
"?!.,.",1
"Я розчарований ставленням адміністрації до студентів, хочу подати офіційну скаргу",0
1111111111111,1
"Що робити, якщо пропустив іспит через хворобу?!",0
ну ну ............,1
На парі з правознавства викладач обговорює особисте життя студентів,0
"Наш викладач спізнюється на кожну пару мінімум на 15 хвилин, дякую",0
ЖАХ ЖАХЛИВИЙ! ЖЛОБИ!,1
е е е НЕНАВИДЖУ ТУТ ВСЕ! НІКЧЕМИ!,1
ну ну ну,1
найгірше місце! Безмозкі!!,1
"Я не знаю що робити, мене несправедливо відрахували, будь ласка допоможіть",0
ЇЇЇЇЇЇЇЇЇЇЇЇ,1
"Прошу не ігнорувати мою скаргу, я вже зверталась до куратора і нічого не змінилось",0
ТУПАРИ ПЛЮС ІДІОТИ! ОСЬ ТАК.,1
Адміністрація не надає інформацію про графік перескладання!,0
"Вибачте що турбую, але не знаю до кого ще звернутися з цим питанням",0
е е е от йоу йоу от!!??,1
У навчальному корпусі дуже холодно взимку — система опалення не справляється,0
"Викладач з інформатики не пояснює матеріал, просто читає з книги вголос",0
"Мене не внесли до списку на отримання матеріальної допомоги, хоча маю право",0
"У кімнаті зламані меблі, вже місяць просимо замінити — нічого не робиться",0
ПРОВАЛЮЙТЕСЬ ТА НЕЗГРАБИ! ВСЕ!!!!,1
викладач дозволяє собі образливі коментарі щодо зовнішності студентів,0
"прошу відремонтувати парти в аудиторії 305, частина з них зламана",0
Наш куратор ігнорує запитання на парах і говорить «самі розбирайтеся»,0
Йдіть — ви ще мене запам'ятаєте!!??,1
Викладач з іноземної мови вимагає дорогі підручники тільки від конкретного видавництва,0
"Принтер у студентському центрі не працює вже третій день, дякую!",0
"вам це так не мине, придурки!!!!",1
більше не прийду! Покидьки!,1
"Викладач з математики пояснює тему лише один раз і відмовляється повторювати, будь ласка!",0
щіфг  щіфг  щіфг  щіфг,1
"Викладач з фізики ставить незадовільні оцінки без пояснень, це несправедливо, дякую",0
----------,1
"Деканат не видає довідку про навчання вже два тижні, постійно відмовляють, прошу допомогти!",0
Прошу розглянути скаргу на незаконне заселення сторонніх у гуртожиток,0
У гуртожитку відсутнє освітлення на третьому поверсі,0
нннн ненавиджу всіх нннн,1
е е е НУ ХМ ХМ ХМ НУ,1
ААААА ВСЕ НАБРИДЛО ІДІОТИ,1
Як дізнатися свій номер студентського квитка?,0
"мені соромно, але я мушу поскаржитися на поведінку одногрупників",0
Я вже кілька разів намагався вирішити це питання і щоразу мене відправляють далі,0
Де можна отримати довідку про місце навчання для соціальних служб?,0
"е е е ЦЕ ВАМ ТАК НЕ ЗІЙДЕ, НЕЗГРАБИ!",1
"Добрий день, підкажіть розклад на цей тиждень",0
"Деканат вимагає документи, яких немає в переліку вступних вимог",0
"Наш викладач спізнюється на кожну пару мінімум на 15 хвилин, будь ласка",0
як оскаржити оцінку з іспиту офіційно?,0
у навчальному корпусі дуже холодно взимку — система опалення не справляється,0
ХТОСЬ ЖИВИЙ ТУТ ВЗАГАЛІ???,1
"як оскаржити оцінку з іспиту офіційно?, будь ласка",0
Адміністрація не відповідає на звернення щодо переведення на іншу спеціальність,0
БУДВЯЄПМЖ,1
У туалеті на другому поверсі не працює вентиляція вже два тижні,0
Деканат відмовляється приймати заяву про зміну форми навчання,0
"я не можу зосередитися на навчанні через умови в гуртожитку, прошу допомогти",0
Як можна отримати рекомендаційний лист від викладача?,0
"Я розчарований ставленням адміністрації до студентів, хочу подати офіційну скаргу, будь ласка",0
юн єчґшас ии яе ґоекп,1
"хочу дізнатися, де знаходиться 305 аудиторія",0
ДИВИВСЯ ФІЛЬМ УСЮ НІЧ КЛАСНИЙ БУВ!,1
"всі ви незграби, я розберуся з вами!",1
У гуртожитку відсутнє освітлення на третьому поверсі,0
"У бібліотеці немає потрібного підручника з бухгалтерського обліку, коли він надійде?",0
Бездарності а також ідіоти а також недоумки!!!,1
"Деканат не видає довідку про навчання вже два тижні, постійно відмовляють!",0
зупиніться інакше буде погано!!??,1
"У комп'ютерному класі не працює половина комп'ютерів, неможливо виконувати лабораторні",0
е е е НННН НЕНАВИДЖУ ВСІХ НННН,1
"Скарга: у гуртожитку вже тиждень не працює опалення, дуже холодно, прошу допомогти",0
Хочу записатися на прийом до ректора,0
ЩШП ТНГ ЮХІС УВЕ ЄС РРЯ ІЩШІХ...,1
прошу розглянути скаргу: викладач з програмування вимагає гроші за здачу заліку,0
чи можу я самостійно обрати тему дипломної роботи?,0
"Прошу пояснити, чому мені не нарахували стипендію цього місяця, дякую!",0
"У кімнаті зламані меблі, вже місяць просимо замінити — нічого не робиться",0
сьогодні хороша погода,1
Де знайти шаблон заяви на академічну відпустку?,0
хм хм хм!,1
Тупняки — ви про це пожалкуєте,1
нічого ви мені не зробите,1
е ну і що тупняки е ну і що,1
_ажієч3;:б2.ящу_няаз,1
"добрий день, підкажіть розклад на цей тиждень",0
"Ліфт у гуртожитку не працює вже два тижні, незручно студентам з інвалідністю",0
"не знаю чи правильно пишу сюди, але хочу поскаржитися на умови навчання",0
Як оформити академічну відпустку за станом здоров'я?,0
пінг пінг пінг пінг,1
"Прошу оновити програмне забезпечення в комп'ютерному класі, воно застаріле",0
прошу пояснити порядок відновлення після академічної відпустки,0
О котрій відчиняється бібліотека?!,0
е е е !!!???!!!???!,1
"Скарга: у гуртожитку вже тиждень не працює опалення, дуже холодно",0
----------,1
Як дізнатися свій номер студентського квитка?,0
гфґїмухпщнхбрячшнфїлашзїхєггзцдф...,1
"Я розчарований ставленням адміністрації до студентів, хочу подати офіційну скаргу!",0
Прошу розглянути скаргу: викладач з програмування вимагає гроші за здачу заліку,0
Принтер у студентському центрі не працює вже третій день,0
"ВСІ ВИ ОДНАКОВІ, ВИ ЩЕ ПОЧУЄТЕ ПРО МЕНЕ!",1
"Викладач з інформатики не пояснює матеріал, просто читає з книги вголос",0
Комендант не дозволяє залишати ноутбук у кімнаті на канікулах — це законно?,0
НАБРИДЛО ВСЕ! ПРОВАЛЮЙТЕСЬ!,1
Як можна отримати рекомендаційний лист від викладача?,0
"Ліфт у гуртожитку не працює вже два тижні, незручно студентам з інвалідністю",0
ну ну Провалюйтесь та бездари...,1
"прошу пояснити, чому мені не нарахували стипендію цього місяця",0
"Коли починається запис на курсові роботи цього семестру?, прошу допомогти",0
БЕЗДАРНОСТІ — Я ВАМ ПОКАЖУ!!??,1
"ВАМ ЦЕ ТАК НЕ МИНЕ, ЙДІТЬ!!!??",1
Хочу записатися на прийом до ректора,0
ну тра-ля-ля ну,1
попереджаю: ще раз і я розберуся з вами особисто...,1
"Прошу пояснити, за якою підставою з мене стягують додаткову плату за гуртожиток",0
чи надається знижка на проїзд для студентів денної форми навчання?,0
"У кімнаті зламані меблі, вже місяць просимо замінити — нічого не робиться",0
Прошу перевірити ситуацію: викладач виставив оцінку без проведення іспиту,0
"У душовій гуртожитку зламані замки, прошу відремонтувати",0
"Яка процедура поновлення після відрахування?, прошу допомогти",0
чи можу я самостійно обрати тему дипломної роботи?,0
Прошу розглянути скаргу на незаконне заселення сторонніх у гуртожиток,0
123456789 абвгдеєжз,1
ілюь  ілюь  ілюь  ілюь  ілюь,1
І І І І І І І???,1
Коли будуть відомі дати сесії на наступний семестр?!,0
е е е Дурні — попереджаю востаннє!,1
Прошу розглянути скаргу: викладач з програмування вимагає гроші за здачу заліку,0
"хочу подати скаргу: викладач з хімії принижує студентів перед аудиторією, прошу допомогти",0
ЛУЗЕРИ — ВИ ПРО ЦЕ ПОЖАЛКУЄТЕ!,1
"я знайду на вас управу, тупі бюрократи",1
ЙОУ ЙОУ І ВСЕ!!!,1
"всі ви покидьки, я напишу скрізь про вас",1
Прошу встановити більше розеток в аудиторії 210 для заряджання ноутбуків,0
Прошу розглянути скаргу: викладач з програмування вимагає гроші за здачу заліку,0
"прошу розібрати ситуацію: викладач не зараховує лабораторні без пояснення причини, дякую",0
Де знайти шаблон заяви на академічну відпустку?,0
"добрий день, підкажіть розклад на цей тиждень",0
"ненавиджу цей коледж, ідіть всі геть???",1
"ВИ ЩЕ МЕНЕ ЗАПАМ'ЯТАЄТЕ, НЕДОУМКИ!",1
"Що робити, якщо пропустив іспит через хворобу?",0
Чи можна отримати копію залікової книжки?,0
"Що робити, якщо пропустив іспит через хворобу?, дякую",0
Безмозкі і дурні!!!??,1
"викладач з економіки не пускає на іспит без особистого підпису куратора, якого немає",0
Коли починається запис на курсові роботи цього семестру?,0
Недоумки і лузери і тупі і незграби! Все!,1
ого-го які тупі ого-го!!??,1
Наш куратор ігнорує запитання на парах і говорить «самі розбирайтеся»,0
"Де подати заяву на підвищену стипендію?, дякую",0
"Добрий день, підкажіть розклад на цей тиждень!",0
зеяя  зеяя  зеяя,1
"Я не можу зосередитися на навчанні через умови в гуртожитку, прошу допомогти",0
"Вибачте що турбую, але не знаю до кого ще звернутися з цим питанням",0
Де знаходиться студентська профспілка і як вона може допомогти?,0
"Добрий день, підкажіть розклад на цей тиждень",0
ФІВАПРОЛДЖЄ,1
ну е-е-е ну,1
?Ґ-5ЙЧЬЯУЮФОЧЇ5ҐЛ2_ДВ7Ю,1
"Не знаю чи правильно пишу сюди, але хочу поскаржитися на умови навчання!",0
"Підкажіть, чи є можливість складати іспити достроково?",0
"Викладач з фізики ставить незадовільні оцінки без пояснень, це несправедливо, прошу допомогти",0
ТУПІ ВИКЛАДАЧІ І ТУПА АДМІНІСТРАЦІЯ!!??,1
Прошу встановити більше розеток в аудиторії 210 для заряджання ноутбуків,0
test test test,1
Де знайти шаблон заяви на академічну відпустку?,0
ЛІХФ  ЛІХФ  ЛІХФ  ЛІХФ  ЛІХФ  ЛІХФ  ЛІХФ,1
Хочу подати скаргу: викладач з хімії принижує студентів перед аудиторією!,0
Принтер у студентському центрі не працює вже третій день,0
Прошу вирішити: в гуртожитку немає гарячої води вже 10 днів,0
"Це вже третє звернення, ніхто не реагує на проблему в гуртожитку, будь ласка",0
ну ну ПОКИДЬКИ І ДУРНІ! ОСЬ ТАК.!!??,1
"У їдальні закінчуються страви о 12:00, більшість студентів залишаються без обіду, прошу допомогти",0
Чи можу я самостійно обрати тему дипломної роботи?,0
ну ну АГАГАГА АГАГАГА,1
Кретини і ще незграби і ще провалюйтесь! Зрозуміли?,1
Як оскаржити оцінку з іспиту офіційно?,0
"Я НАПИШУ НА ВАС СКРІЗЬ, ВИ ЩЕ ПОЖАЛКУЄТЕ",1
"Наш викладач спізнюється на кожну пару мінімум на 15 хвилин, будь ласка",0
хочу записатися на прийом до ректора,0
ДИВИВСЯ ФІЛЬМ УСЮ НІЧ КЛАСНИЙ БУВ,1
самі дурні навчають дурних,1
"ДОЧЕКАЄТЕСЬ ВІД МЕНЕ, ЩЕ ПОБАЧИТЕ???",1
вау вау і все???,1
"У гуртожитку не прибирають загальні приміщення, антисанітарія",0
нічого ви мені не зробите,1
"Прошу пояснити, за якою підставою з мене стягують додаткову плату за гуртожиток",0
Скільки пропусків допускається до заліку?,0
Принтер у студентському центрі не працює вже третій день,0
"Сусіди в гуртожитку систематично шумлять вночі, заважають відпочивати",0
ЬПЩ ТЯГЇ АЕ РФОШЄ ШМВДВ ЩЕХ ЙЬЕЧДЕ ФЧЧЄ,1
деканат відмовляється приймати заяву про зміну форми навчання,0
"я не залишу це просто так, тупі!",1
"!,.!!!.",1
"У гуртожитку не прибирають загальні приміщення, антисанітарія",0
ЖАХ ЖАХЛИВИЙ! ЛУЗЕРИ!!!!,1
Чи є можливість перевестися на заочну форму навчання?,0
"ВСІ ВИ ЙДІТЬ, ГОТУЙТЕСЬ ДО НАСЛІДКІВ",1
Яка процедура переведення з однієї групи до іншої?,0
нннн нннн,1
"мене не внесли до списку на отримання матеріальної допомоги, хоча маю право, дякую",0
це вам так не зійде! все це лайно!,1
принтер у студентському центрі не працює вже третій день,0
"Прошу відремонтувати парти в аудиторії 305, частина з них зламана",0
я розберуся з вами! мені байдуже на все!,1
прошу розглянути: студентів виселяють з гуртожитку без попередження,0
ненавиджу цей коледж! Тупі!,1
"У комп'ютерному класі не працює половина комп'ютерів, неможливо виконувати лабораторні",0
тра-ля-ля!,1
ну ну ОГО-ГО ОГО-ГО???,1
кюджвхкещстишьхвємтяпаяеєнмдушієп,1
"Мені не виписали студентський квиток, хоча навчаюсь вже три місяці",0
"У бібліотеці немає потрібного підручника з бухгалтерського обліку, коли він надійде?",0
викладач дозволяє собі образливі коментарі щодо зовнішності студентів,0
викладач з іноземної мови вимагає дорогі підручники тільки від конкретного видавництва,0
рюдиєєчгґдєжккїгіртяюжгчзкєосчяебфе,1
прошу розібрати ситуацію: викладач не зараховує лабораторні без пояснення причини,0
мені все одно на ваші правила,1
ну ла-ла-ла ну???,1
"Прошу пояснити, за якою підставою з мене стягують додаткову плату за гуртожиток, дякую",0
"Мене не внесли до списку на отримання матеріальної допомоги, хоча маю право",0
Наш викладач спізнюється на кожну пару мінімум на 15 хвилин,0
прошу перевірити ситуацію: викладач виставив оцінку без проведення іспиту,0
"е е е ВИ ДОЧЕКАЄТЕСЬ, ПРИДУРКИ!",1
"Прошу розглянути: студентів виселяють з гуртожитку без попередження, прошу допомогти!",0
На парі з правознавства викладач обговорює особисте життя студентів,0
Хочу записатися на прийом до ректора,0
Підкажіть номер телефону медпункту,0
"Викладач грубить студентам, які задають запитання під час лекції",0
Прошу встановити більше розеток в аудиторії 210 для заряджання ноутбуків!,0
сїьбгтйхцйїжючкй!,1
ОЙОЙОЙ ОЙОЙОЙ,1
"Хочу дізнатися, де знаходиться 305 аудиторія",0
"Вибачте що турбую, але не знаю до кого ще звернутися з цим питанням",0
"Як зв'язатися з деканом?, прошу допомогти",0
"Викладач грубить студентам, які задають запитання під час лекції",0
ну ну ну ааааа ну,1
Прошу розглянути скаргу на упереджене ставлення викладача до нашої групи,0
Покидьки а також нікчеми а також бездари! Все!,1
ОТ Е-Е-Е ОТ...,1
"я дуже засмучений ситуацією з викладачем, прошу допомогти розібратися",0
У туалеті на другому поверсі не працює вентиляція вже два тижні,0
"Не знаю чи правильно пишу сюди, але хочу поскаржитися на умови навчання, будь ласка",0
деканат відмовляється приймати заяву про зміну форми навчання,0
"Викладач дозволяє собі образливі коментарі щодо зовнішності студентів, будь ласка",0
де можна отримати довідку про місце навчання для соціальних служб?,0
е е е йьґьюутфзшм,1
Чи можу я самостійно обрати тему дипломної роботи?,0
"Я не знаю що робити, мене несправедливо відрахували, будь ласка допоможіть",0
"!.!?,,.,.,,!!,!??!???",1
РУКЧ  РУКЧ  РУКЧ  РУКЧ  РУКЧ,1
Комендант гуртожитку грубить студентам і погрожує виселенням без підстав,0
"Лектор читає лекції зі старих слайдів 2010 року, матеріал застарілий",0
"я знаю всіх вас, будьте готові до наслідків",1
хочу подивитися як ви мене відрахуєте ха,1
Прошу розглянути питання щодо неправомірного стягнення плати за навчання,0
"Я не можу зосередитися на навчанні через умови в гуртожитку, прошу допомогти, прошу допомогти",0
"найгірше місце, ось побачите що буде!",1
Прошу встановити більше розеток в аудиторії 210 для заряджання ноутбуків,0
Чи надається знижка на проїзд для студентів денної форми навчання?,0
ви про це пожалкуєте! це просто смішно як погано!,1
Покидьки а також дебіли...,1
У гуртожитку відсутнє освітлення на третьому поверсі,0
"У їдальні закінчуються страви о 12:00, більшість студентів залишаються без обіду",0
"ЛЧУ3ЬНХФ,5-ЯФҐЧЙНЖД!!!",1
ОТ ОГО-ГО ОТ!,1
"Хочу дізнатися, де знаходиться 305 аудиторія",0
"Деканат вимагає документи, яких немає в переліку вступних вимог, прошу допомогти",0
БОВДУРИ ПЛЮС БЕЗДАРНОСТІ!,1
е е е ААА ПРОВАЛЮЙТЕСЬ ААА ХАХАХА,1
"Мене не внесли до списку на отримання матеріальної допомоги, хоча маю право",0
ХТО ГРАЄ У ФУТБОЛ СЬОГОДНІ ВВЕЧЕРІ,1
"розумію що у вас багато звернень, але моя ситуація дійсно потребує допомоги",0
Хочу подати скаргу: викладач з хімії принижує студентів перед аудиторією,0
"Мене не внесли до списку на отримання матеріальної допомоги, хоча маю право",0
Як оформити академічну відпустку за станом здоров'я?,0
"Сусіди в гуртожитку систематично шумлять вночі, заважають відпочивати",0
Викладач дозволяє собі образливі коментарі щодо зовнішності студентів,0
Лузери і ще йдіть і ще безмозкі! Все!,1
ааааа і все,1
"У їдальні закінчуються страви о 12:00, більшість студентів залишаються без обіду",0
Як дізнатися свій номер студентського квитка?,0
ну ну Бовдури та жлоби! Все!...,1
ну ну АГАГАГА!...,1
звцегеллйукююдгагбі,1
"мені не виписали студентський квиток, хоча навчаюсь вже три місяці, прошу допомогти!",0
Наш куратор ігнорує запитання на парах і говорить «самі розбирайтеся»,0
"прошу вирішити: в гуртожитку немає гарячої води вже 10 днів, прошу допомогти",0
Прошу розглянути скаргу на упереджене ставлення викладача до нашої групи,0
Прошу перевірити умови проживання в кімнаті 214 — там є плісень на стінах!,0
qwerty asdfgh zxcvbn!!!,1
У навчальному корпусі дуже холодно взимку — система опалення не справляється,0
Кретини — ось побачите що буде...,1
"Викладач з іноземної мови вимагає дорогі підручники тільки від конкретного видавництва, дякую",0
Викладач з іноземної мови вимагає дорогі підручники тільки від конкретного видавництва!,0
знфг  знфг  знфг  знфг,1
Тупняки плюс покидьки!!,1
привіт привіт привіт привіт привіт!!!,1
Де можна отримати довідку про місце навчання для соціальних служб?,0
ойойой!!!,1
"Де подати заяву на підвищену стипендію?, дякую",0
Я вже кілька разів намагався вирішити це питання і щоразу мене відправляють далі,0
"всі ви придурки, я розберуся з вами...",1
"Ліфт у гуртожитку не працює вже два тижні, незручно студентам з інвалідністю, дякую",0
Адміністрація не відповідає на звернення щодо переведення на іншу спеціальність!,0
"Як дізнатися результати іспиту, якщо їх досі не виставили в журнал?",0
хелло ворлд це тест повідомлення,1
"Куратор не підписує обхідний лист вже третій тиждень без жодних причин, прошу допомогти",0
НУ ЙОУ ЙОУ НУ,1
ідіоти управляють цим закладом???,1
"Сусіди в гуртожитку систематично шумлять вночі, заважають відпочивати",0
ну ну нічого нічого нічого нічого,1
"Я не знаю що робити, мене несправедливо відрахували, будь ласка допоможіть",0
"У нашій кімнаті в гуртожитку тече дах, комендант ігнорує звернення",0
ДЕБІЛИ — Я ЗНАЙДУ НА ВАС УПРАВУ,1
"Мені соромно, але я мушу поскаржитися на поведінку одногрупників",0
У гуртожитку відсутнє освітлення на третьому поверсі,0
Прошу розглянути скаргу на незаконне заселення сторонніх у гуртожиток,0
е е е ок ок ок ок ок ок,1
"Хочу оскаржити оцінку на іспиті — вважаю що перевірка була несправедливою, дякую",0
!!!???!!!???,1
як можна отримати рекомендаційний лист від викладача?,0
"Викладач з економіки не пускає на іспит без особистого підпису куратора, якого немає, будь ласка",0
"Я не можу зосередитися на навчанні через умови в гуртожитку, прошу допомогти",0
У туалеті на другому поверсі не працює вентиляція вже два тижні,0
"Вибачте що турбую, але не знаю до кого ще звернутися з цим питанням",0
"Прошу поставитися до мого звернення серйозно, мені справді потрібна допомога",0
"підкажіть, хто відповідає за розклад іспитів?",0
Прошу розглянути скаргу на незаконне заселення сторонніх у гуртожиток,0
"це вже третє звернення, ніхто не реагує на проблему в гуртожитку",0
"я не залишу це просто так, тупари!",1
де знайти шаблон заяви на академічну відпустку?,0
"Викладач з економіки не пускає на іспит без особистого підпису куратора, якого немає",0
просто перевіряю чи працює цей бот!,1
"Підкажіть, чи є можливість складати іспити достроково?, дякую",0
ну ну ААААААААААААААААААААААААА,1
"готуйтесь, я не такий як всі студенти",1
ви ще почуєте про мене! ненавиджу тут все!,1
"Прошу замінити лампи в коридорі другого поверху, там темно",0
"хочу дізнатися, де знаходиться 305 аудиторія",0
"у 301 аудиторії не працює проєктор, викладач не може показувати матеріал",0
жах жахливий! Жлоби!...,1
у туалеті на другому поверсі не працює вентиляція вже два тижні,0
ідіть всі геть тра-ля-ля,1
Викладач постійно скасовує пари без попередження і не відпрацьовує їх,0
Де здають документи для оформлення стипендії?,0
НУ ОГО-ГО НУ,1
Мені відмовляють у академічній відпустці без пояснення підстав,0
КДВТШЩЖАННҐБГЮНЕЙИ,1
"Хочу дізнатися, де знаходиться 305 аудиторія",0
"ВСІ ВИ КРЕТИНИ, ПОПЕРЕДЖАЮ ВОСТАННЄ!",1
ЦМЩЕЬЮРМЦЕІМГФУКШЗЬЗСЯҐІЗРВСФХОМЯЗЛЮ!,1
ТУПНЯКИ А ТАКОЖ ЖЛОБИ А ТАКОЖ ІДІОТИ А ТАКОЖ БЕЗДАРИ! ВСЕ!,1
ну і що ну і що ну і що,1
"де знаходиться студентська профспілка і як вона може допомогти?, прошу допомогти",0
ну ну ХЕЙ ХЕЙ ХЕЙ ХЕЙ,1
не знаю що написати але пишу,1
ну ну ДЕБІЛИ А ТАКОЖ ТУПАРИ А ТАКОЖ ПРИДУРКИ! ОСЬ ТАК.,1
Підкажіть номер телефону медпункту,0
"Лектор читає лекції зі старих слайдів 2010 року, матеріал застарілий",0
"підкажіть, хто відповідає за розклад іспитів?",0
"прошу не ігнорувати мою скаргу, я вже зверталась до куратора і нічого не змінилось",0
НННН І ВСЕ,1
"Мене не внесли до списку на отримання матеріальної допомоги, хоча маю право",0
"всі ви бездари, я вам покажу...",1
Як оскаржити оцінку з іспиту офіційно?,0
Прошу встановити більше розеток в аудиторії 210 для заряджання ноутбуків,0
де знайти шаблон заяви на академічну відпустку?,0
Де знаходиться студентська профспілка і як вона може допомогти?,0
test test test,1
"Прошу допомогти: у розкладі помилка, нас відправили в неіснуючу аудиторію",0
"Викладач з іноземної мови вимагає дорогі підручники тільки від конкретного видавництва, дякую!",0
ну ну хзвтяґюмржщктїцпи...,1
Як можна отримати рекомендаційний лист від викладача?!,0
Як дізнатися свій номер студентського квитка?,0
На парі з правознавства викладач обговорює особисте життя студентів,0
"Я розчарований ставленням адміністрації до студентів, хочу подати офіційну скаргу",0
Е-Е-Е Е-Е-Е,1
Де можна роздрукувати матеріали до захисту курсової?,0
от вау вау от,1
ААА ПРОВАЛЮЙТЕСЬ ААА ХАХАХА!!??,1
"У комп'ютерному класі не працює половина комп'ютерів, неможливо виконувати лабораторні",0
"Прошу терміново втрутитися, ситуація критична — мене можуть відрахувати через помилку",0
"Викладач з фізики ставить незадовільні оцінки без пояснень, це несправедливо, прошу допомогти",0
"У бібліотеці немає потрібного підручника з бухгалтерського обліку, коли він надійде?, прошу допомогти",0
я вам покажу! хочу щоб все горіло!,1
"це вже третє звернення, ніхто не реагує на проблему в гуртожитку",0
Коли будуть відомі дати сесії на наступний семестр?!,0
о котрій відчиняється бібліотека?,0
Прошу вирішити: в гуртожитку немає гарячої води вже 10 днів!,0
Адміністрація не надає інформацію про графік перескладання,0
"Підкажіть, як подати заяву на перескладання іспиту з вищої математики?",0
"Це вже третє звернення, ніхто не реагує на проблему в гуртожитку, будь ласка",0
"Це вже третє звернення, ніхто не реагує на проблему в гуртожитку",0
плювати я хотів на цей коледж,1
пцжрацжцр,1
Мені відмовляють у академічній відпустці без пояснення підстав,0
О котрій відчиняється бібліотека?,0
"Де здають документи для оформлення стипендії?, прошу допомогти",0
"Прошу пояснити, за якою підставою з мене стягують додаткову плату за гуртожиток",0
Адміністрація не відповідає на звернення щодо переведення на іншу спеціальність,0
"У їдальні закінчуються страви о 12:00, більшість студентів залишаються без обіду",0
ПРИДУРКИ І ДЕБІЛИ І БЕЗМОЗКІ! ОСЬ ТАК.!!??,1
"Викладач грубить студентам, які задають запитання під час лекції",0
е е е ПРИДУРКИ ПЛЮС БЕЗДАРИ ПЛЮС ЛУЗЕРИ! ЗРОЗУМІЛИ?!,1
Викладач не відповідає на запитання студентів і одразу знижує оцінку за незнання,0
"Wi-Fi у бібліотеці працює дуже повільно, неможливо користуватися навчальними ресурсами, прошу допомогти",0
скучно на парі тому пишу сюди,1
Адміністрація не реагує на колективне звернення нашої групи,0
ааааа і все!!??,1
мені все одно на ваші правила,1
"Прошу допомогти: у розкладі помилка, нас відправили в неіснуючу аудиторію",0
ЮЖМЇЩЄ ТДО ІВСЯ ЗХ ФВ???,1
"Мені дуже важко, викладач постійно мене виділяє і принижує перед групою",0
"Прошу пояснити, чому мені не нарахували стипендію цього місяця",0
О котрій відчиняється бібліотека?,0
"У бібліотеці немає потрібного підручника з бухгалтерського обліку, коли він надійде?",0
"Скарга: у гуртожитку вже тиждень не працює опалення, дуже холодно",0
"Викладач з інформатики не пояснює матеріал, просто читає з книги вголос",0
"Деканат не видає довідку про навчання вже два тижні, постійно відмовляють",0
Прошу перевірити умови проживання в кімнаті 214 — там є плісень на стінах,0
У туалеті на другому поверсі не працює вентиляція вже два тижні!,0
??????????????????,1
"Мені не виписали студентський квиток, хоча навчаюсь вже три місяці",0
е е е пінг пінг пінг пінг!!??,1
ну нннн ну!!??,1
ОК ОК ОК ОК ОК ОК ОК ОК ОК ОК ОК ОК ОК ОК,1
"у душовій гуртожитку зламані замки, прошу відремонтувати, дякую!",0
ну ну скучно на парі тому пишу сюди,1
Прошу розглянути питання щодо неправомірного стягнення плати за навчання,0
Де можна роздрукувати матеріали до захисту курсової?,0
Як оскаржити оцінку з іспиту офіційно?,0
Хочу поскаржитись на викладача з математики — він постійно запізнюється на 20-30 хвилин,0
адміністрація не реагує на колективне звернення нашої групи,0
Тупі а також жлоби а також недоумки! Ось так.,1
ааааа все набридло ідіоти,1
"я знайду на вас управу, тупі бюрократи",1
Де можна роздрукувати матеріали до захисту курсової?,0
"коли починається запис на курсові роботи цього семестру?, будь ласка",0
бла бла бла нікому не потрібно бла бла,1
"ОСЬ ПОБАЧИТЕ ЩО Я ЗРОБЛЮ, ЗАПАМ'ЯТАЄТЕ МЕНЕ",1
на парі з правознавства викладач обговорює особисте життя студентів,0
чи є можливість перевестися на заочну форму навчання?,0
як дізнатися свій номер студентського квитка?,0
"Викладач не відповідає на запитання студентів і одразу знижує оцінку за незнання, будь ласка",0
ну ну гей гей гей гей гей гей гей,1
Принтер у студентському центрі не працює вже третій день,0
Я ЛЮБЛЮ ПІЦУ ОСОБЛИВО З КОВБАСОЮ,1
ну ну бла бла бла бла бла бла,1
"У нашій кімнаті в гуртожитку тече дах, комендант ігнорує звернення",0
"викладач з фізики ставить незадовільні оцінки без пояснень, це несправедливо",0
Як оформити академічну відпустку за станом здоров'я?,0
ого-го і все,1
На парі з правознавства викладач обговорює особисте життя студентів,0
Викладач не відповідає на запитання студентів і одразу знижує оцінку за незнання,0
Деканат відмовляється приймати заяву про зміну форми навчання,0
"Прошу поставитися до мого звернення серйозно, мені справді потрібна допомога",0
ьрзїтпвандвншєкуеєлтбрїрш!,1
"Я не знаю що робити, мене несправедливо відрахували, будь ласка допоможіть, будь ласка",0
"У душовій гуртожитку зламані замки, прошу відремонтувати",0
"Прошу оновити програмне забезпечення в комп'ютерному класі, воно застаріле",0
йоу йоу!,1
"У їдальні закінчуються страви о 12:00, більшість студентів залишаються без обіду!",0
"прошу розібрати ситуацію: викладач не зараховує лабораторні без пояснення причини, будь ласка",0
"У кімнаті зламані меблі, вже місяць просимо замінити — нічого не робиться",0
абвгдеєжзиіїйклмнопрстуфхцчшщьюя,1
ОТ ААААА ОТ,1
Прошу вирішити: в гуртожитку немає гарячої води вже 10 днів,0
е е е тупі викладачі і тупа адміністрація,1
"Лектор читає лекції зі старих слайдів 2010 року, матеріал застарілий",0
У туалеті на другому поверсі не працює вентиляція вже два тижні,0
Комендант гуртожитку грубить студентам і погрожує виселенням без підстав,0
Де знаходиться студентська профспілка і як вона може допомогти?,0
Прошу встановити більше розеток в аудиторії 210 для заряджання ноутбуків,0
"ненавиджу цей коледж, ідіть всі геть!",1
е е е ну ну ну ну ну ну ну ну,1
"Прошу розглянути скаргу на упереджене ставлення викладача до нашої групи, будь ласка!",0
коли будуть відомі дати сесії на наступний семестр?,0
яка процедура переведення з однієї групи до іншої?,0
Прошу розглянути скаргу: викладач з програмування вимагає гроші за здачу заліку,0
"Прошу відремонтувати парти в аудиторії 305, частина з них зламана",0
яка процедура поновлення після відрахування?,0
Ідіоти та жлоби...,1
QWERTY ASDFGH ZXCVBN,1
є є є є є є є є є є є!!!,1
"Лектор читає лекції зі старих слайдів 2010 року, матеріал застарілий",0
прошу розглянути скаргу на упереджене ставлення викладача до нашої групи,0
ОГО-ГО ЯКІ ТУПІ ОГО-ГО,1
ЕЕЕЕЄ ЕЕЕЕЄ!,1
"всі ви безмозкі, я напишу скрізь про вас",1
"Що робити, якщо пропустив іспит через хворобу?, прошу допомогти",0
"Скільки пропусків допускається до заліку?, прошу допомогти",0
Де можна отримати довідку про місце навчання для соціальних служб?,0
Прошу встановити більше розеток в аудиторії 210 для заряджання ноутбуків,0
прошу перевірити умови проживання в кімнаті 214 — там є плісень на стінах,0
Наш куратор ігнорує запитання на парах і говорить «самі розбирайтеся»,0
Хочу записатися на прийом до ректора,0
Прошу розглянути: студентів виселяють з гуртожитку без попередження,0
О котрій відчиняється бібліотека?,0
ну хахаха ну!!??,1
"Я не знаю що робити, мене несправедливо відрахували, будь ласка допоможіть",0
"Вибачте що турбую, але не знаю до кого ще звернутися з цим питанням, будь ласка",0
"У кімнаті зламані меблі, вже місяць просимо замінити — нічого не робиться",0
гей гей гей гей гей гей гей!!??,1
Де знаходиться студентська профспілка і як вона може допомогти?,0
ЦЕ ВЗАГАЛІ ЩОСЬ ЧИТАЄ ЧИ НІ,1
О котрій відчиняється бібліотека?,0
"Мені дуже важко, викладач постійно мене виділяє і принижує перед групою",0
"Прошу замінити лампи в коридорі другого поверху, там темно, прошу допомогти",0
хм хм хм...,1
е е е Кретини — я вам покажу,1
Як можна отримати рекомендаційний лист від викладача?,0
Викладач з іноземної мови вимагає дорогі підручники тільки від конкретного видавництва,0
ІДІОТИ І ЙДІТЬ І ТУПІ І ДЕБІЛИ! ВСЕ!,1
чи можна отримати копію залікової книжки?,0
"Я дуже засмучений ситуацією з викладачем, прошу допомогти розібратися",0
я люблю піцу особливо з ковбасою,1
ВСІ ДЕБІЛИ ТУТ АБСОЛЮТНО,1
ТУПНЯКИ ПЛЮС НЕДОУМКИ ПЛЮС ЙДІТЬ! ВСЕ!,1
Лузери — попереджаю востаннє,1
ПРОСТО ТАК НАПИСАВ БЕЗ ПРИЧИНИ,1
ГА ГА ГА ГА ГА ГА ГА,1
"Прошу розглянути: студентів виселяють з гуртожитку без попередження, будь ласка",0
прошу перевірити умови проживання в кімнаті 214 — там є плісень на стінах,0
Прошу розглянути скаргу на упереджене ставлення викладача до нашої групи,0
ну ну ПРОСТО ТАК НАПИСАВ БЕЗ ПРИЧИНИ,1
Скільки пропусків допускається до заліку?,0
"Викладач з економіки не пускає на іспит без особистого підпису куратора, якого немає",0
ну ну ідіть всі геть тра-ля-ля,1
"У кімнаті зламані меблі, вже місяць просимо замінити — нічого не робиться",0
Комендант гуртожитку грубить студентам і погрожує виселенням без підстав,0
е е е Придурки та ідіоти! Все!,1
Прошу встановити більше розеток в аудиторії 210 для заряджання ноутбуків,0
"Прошу допомогти: у розкладі помилка, нас відправили в неіснуючу аудиторію",0
Яка процедура поновлення після відрахування?,0
"Прошу замінити лампи в коридорі другого поверху, там темно",0
ЖЛОБИ ТА БЕЗДАРИ ТА ТУПІ ТА БЕЗДАРНОСТІ! ВСЕ!,1
є хтось тут є хтось тут є хтось тут...,1
О О О О О О,1
"Сусіди в гуртожитку систематично шумлять вночі, заважають відпочивати, дякую!",0
На парі з правознавства викладач обговорює особисте життя студентів,0
Викладач не відповідає на запитання студентів і одразу знижує оцінку за незнання,0
е е е хелло ворлд це тест повідомлення,1
хочу поскаржитись на викладача з математики — він постійно запізнюється на 20-30 хвилин,0
Прошу пояснити порядок відновлення після академічної відпустки,0
Прошу розібрати ситуацію: викладач не зараховує лабораторні без пояснення причини!,0
"Ліфт у гуртожитку не працює вже два тижні, незручно студентам з інвалідністю",0
Бовдури — ви про це пожалкуєте,1
"Підкажіть номер телефону медпункту, будь ласка!",0
ЖЛОБИ ПЛЮС КРЕТИНИ!!,1
"У гуртожитку не прибирають загальні приміщення, антисанітарія",0
ну ну ТУПНЯКИ ПЛЮС БЕЗДАРИ! ЗРОЗУМІЛИ?!!??,1
Комендант не дозволяє залишати ноутбук у кімнаті на канікулах — це законно?,0
ну тра-ля-ля ну???,1
ОК ОК ОК ОК ОК ОК ОК...,1
"Прошу відремонтувати парти в аудиторії 305, частина з них зламана",0
підкажіть номер телефону медпункту,0
Викладач з математики пояснює тему лише один раз і відмовляється повторювати,0
Як оскаржити оцінку з іспиту офіційно?,0
Дебіли та бездарності! Ось так.,1
"Прошу допомогти: у розкладі помилка, нас відправили в неіснуючу аудиторію",0
У туалеті на другому поверсі не працює вентиляція вже два тижні,0
Хочу оскаржити оцінку на іспиті — вважаю що перевірка була несправедливою,0
де знаходиться студентська профспілка і як вона може допомогти?,0
ну ну хахаха дебіли управляють коледжем хаха...,1
ЧЧПБҐЧЙЖРЬЙЮЯЙЄТЮУШИЗШ,1
Прошу встановити більше розеток в аудиторії 210 для заряджання ноутбуків,0
комендант гуртожитку грубить студентам і погрожує виселенням без підстав,0
скільки пропусків допускається до заліку?,0
"вам це так не зійде, я не здамся",1
е е е е е е,1
"У душовій гуртожитку зламані замки, прошу відремонтувати!",0
ПРОСТО ТАК НАПИСАВ БЕЗ ПРИЧИНИ...,1
як дізнатися свій номер студентського квитка?!,0
Викладач з математики пояснює тему лише один раз і відмовляється повторювати,0
"я розчарований ставленням адміністрації до студентів, хочу подати офіційну скаргу",0
ТРА-ЛЯ-ЛЯ,1
ну ну хто грає у футбол сьогодні ввечері!!!,1
О котрій відчиняється бібліотека?,0
"У душовій гуртожитку зламані замки, прошу відремонтувати, дякую",0
"прошу замінити лампи в коридорі другого поверху, там темно",0
"У душовій гуртожитку зламані замки, прошу відремонтувати!",0
НАБРИДЛО ВСЕ! ДУРНІ!,1
"У кімнаті зламані меблі, вже місяць просимо замінити — нічого не робиться",0
Прошу пояснити порядок відновлення після академічної відпустки,0
ЦМВУ ВЇ АЖЮЙАМ ЮЦЙ ЖЯЕММ ЩЄКР БЦВ ЮХМАІ,1
"Що робити, якщо пропустив іспит через хворобу?",0
Де знайти шаблон заяви на академічну відпустку?,0
"Як дізнатися результати іспиту, якщо їх досі не виставили в журнал?",0
Викладач дозволяє собі образливі коментарі щодо зовнішності студентів!,0
прошу розглянути: студентів виселяють з гуртожитку без попередження,0
Бездари плюс тупари!!!??,1
е е е Нікчеми та бовдури! Зрозуміли?,1
"Викладач з фізики ставить незадовільні оцінки без пояснень, це несправедливо, прошу допомогти",0
де можна отримати студентський квиток?,0
яка процедура переведення з однієї групи до іншої?,0
Чи можу я самостійно обрати тему дипломної роботи?,0
нікчеми ви всі без винятку,1
е е е ну і що ну і що ну і що,1
"Де знаходиться студентська профспілка і як вона може допомогти?, будь ласка",0
.....................,1
"У бібліотеці немає потрібного підручника з бухгалтерського обліку, коли він надійде?",0
На парі з правознавства викладач обговорює особисте життя студентів,0
е е е ну ну ну і все,1
"Підкажіть, чи є можливість складати іспити достроково?",0
"Викладач з економіки не пускає на іспит без особистого підпису куратора, якого немає",0
АСКЯСРЬН,1
викладач з математики пояснює тему лише один раз і відмовляється повторювати,0
"всі ви лузери, ви ще почуєте про мене",1
"Скарга: у гуртожитку вже тиждень не працює опалення, дуже холодно!",0
викладач постійно скасовує пари без попередження і не відпрацьовує їх!,0
попереджаю востаннє! всі ви однакові!!!!,1
"що робити, якщо пропустив іспит через хворобу?",0
"Прошу пояснити, чому мені не нарахували стипендію цього місяця",0
хочу подати скаргу: викладач з хімії принижує студентів перед аудиторією,0
Безмозкі та лузери та недоумки...,1
"скільки пропусків допускається до заліку?, дякую",0
"У гуртожитку не прибирають загальні приміщення, антисанітарія",0
Прошу розглянути скаргу на незаконне заселення сторонніх у гуртожиток,0
Прошу встановити більше розеток в аудиторії 210 для заряджання ноутбуків,0
"Прошу терміново втрутитися, ситуація критична — мене можуть відрахувати через помилку",0
ЛУЗЕРИ І НЕВДАХИ ВСІ ТУТ,1
"ЦЕ ВАМ НЕ МИНЕ, Я ЗВЕРНУСЯ КУДИ ТРЕБА",1
"прошу допомогти: у розкладі помилка, нас відправили в неіснуючу аудиторію",0
Де знайти шаблон заяви на академічну відпустку?,0
QWERTY ASDFGH ZXCVBN,1
"Це несправедливо і я хочу щоб хтось нарешті розібрався з цим, прошу допомогти",0
"Хочу поскаржитись на викладача з математики — він постійно запізнюється на 20-30 хвилин, прошу допомогти",0
є є є є є є є є є є є є є є є є,1
ей ей ей ей ей ей ей ей ей ей ей ей,1
----------!!!,1
"Мене не внесли до списку на отримання матеріальної допомоги, хоча маю право",0
рюкмбс вжчаим звкд,1
безмозкі бюрократи нікчемні,1
"Скарга: у гуртожитку вже тиждень не працює опалення, дуже холодно",0
О котрій відчиняється бібліотека?,0
е е е Ідіоти та тупняки!...,1
Як можна отримати рекомендаційний лист від викладача?,0
"яка процедура поновлення після відрахування?, прошу допомогти!",0
"ви всі нікчеми, ганьба закладу",1
ну ну ТУПАРИ А ТАКОЖ БЕЗДАРИ А ТАКОЖ ПОКИДЬКИ...,1
Викладач з іноземної мови вимагає дорогі підручники тільки від конкретного видавництва,0
комендант гуртожитку грубить студентам і погрожує виселенням без підстав,0
"Добрий день, підкажіть розклад на цей тиждень, будь ласка",0
"Це вже третє звернення, ніхто не реагує на проблему в гуртожитку, будь ласка",0
"ви ще почуєте про мене, йдіть!",1
"де здають документи для оформлення стипендії?, дякую",0
ваші правила для лохів а не для мене!!!,1
Наш викладач спізнюється на кожну пару мінімум на 15 хвилин,0
Куратор не підписує обхідний лист вже третій тиждень без жодних причин,0
аавввгггддд,1
"я не можу зосередитися на навчанні через умови в гуртожитку, прошу допомогти",0
"Прошу поставитися до мого звернення серйозно, мені справді потрібна допомога",0
Чи можна отримати копію залікової книжки?,0
"Мені дуже важко, викладач постійно мене виділяє і принижує перед групою",0
плювати я хотів на цей коледж,1
"викладач з інформатики не пояснює матеріал, просто читає з книги вголос, дякую",0
"Де можна роздрукувати матеріали до захисту курсової?, дякую",0
"Викладач грубить студентам, які задають запитання під час лекції",0
"всі тут тупі, вам треба закритися",1
НЕДОУМКИ І ОЛУХИ!!,1
На парі з правознавства викладач обговорює особисте життя студентів,0
"Деканат вимагає документи, яких немає в переліку вступних вимог",0
"розумію що у вас багато звернень, але моя ситуація дійсно потребує допомоги",0
от уууу от,1
плювати я хотів! Бовдури!!,1
ПРОВАЛЮЙТЕСЬ І ЖЛОБИ І НІКЧЕМИ І КРЕТИНИ...,1
Прошу розглянути: студентів виселяють з гуртожитку без попередження,0
АГАГАГА,1
Як оформити академічну відпустку за станом здоров'я?,0
"Скарга: у гуртожитку вже тиждень не працює опалення, дуже холодно, дякую!",0
Й?;?Є61К3ЖО1ОЯҐКБ,1
куратор не підписує обхідний лист вже третій тиждень без жодних причин,0
Де можна роздрукувати матеріали до захисту курсової?,0
ВАГЬГЕЮУБІАУГ,1
САМІ ДУРНІ НАВЧАЮТЬ ДУРНИХ...,1
ну ну хтось живий тут взагалі,1
О котрій відчиняється бібліотека?!,0
"Де можна отримати довідку про місце навчання для соціальних служб?, будь ласка",0
Яка процедура поновлення після відрахування?!,0
"ВСІ ВИ БЕЗДАРИ, ВИ ДОЧЕКАЄТЕСЬ",1
е е е безмозкі бюрократи нікчемні,1
"Сусіди в гуртожитку систематично шумлять вночі, заважають відпочивати",0
"це вже третє звернення, ніхто не реагує на проблему в гуртожитку!",0
"У нашій кімнаті в гуртожитку тече дах, комендант ігнорує звернення",0
прошу встановити більше розеток в аудиторії 210 для заряджання ноутбуків,0
вам це так не мине! всі ви однакові!,1
"У душовій гуртожитку зламані замки, прошу відремонтувати",0
ну ну кугиинчхсішсиїїжз???,1
Коли будуть відомі дати сесії на наступний семестр?,0
Комендант не дозволяє залишати ноутбук у кімнаті на канікулах — це законно?!,0
О котрій відчиняється бібліотека?,0
Адміністрація не надає інформацію про графік перескладання!,0
"мені не виписали студентський квиток, хоча навчаюсь вже три місяці",0
ЩЕОЯЩЙҐБЇЕМТФНРЬЖЗЩРЬНГЩНБКЙШММШ,1
аааааааааааааааааа!!!,1
от ойойой от,1
"Я не можу зосередитися на навчанні через умови в гуртожитку, прошу допомогти",0
Наш куратор ігнорує запитання на парах і говорить «самі розбирайтеся»,0
Прошу встановити більше розеток в аудиторії 210 для заряджання ноутбуків,0
"Викладач з інформатики не пояснює матеріал, просто читає з книги вголос!",0
викладач постійно скасовує пари без попередження і не відпрацьовує їх,0
"Прошу допомогти: у розкладі помилка, нас відправили в неіснуючу аудиторію",0
"як дізнатися результати іспиту, якщо їх досі не виставили в журнал?",0
Скільки пропусків допускається до заліку?,0
ну ну Тупняки — ви ще почуєте про мене,1
Прошу пояснити порядок відновлення після академічної відпустки,0
"Вибачте що турбую, але не знаю до кого ще звернутися з цим питанням",0
ЕЕЕЕЄ І ВСЕ!!!,1
У навчальному корпусі дуже холодно взимку — система опалення не справляється!,0
"Коли буде наступна нарада студентського самоврядування?, прошу допомогти",0
Прошу розглянути: студентів виселяють з гуртожитку без попередження,0
"Wi-Fi у бібліотеці працює дуже повільно, неможливо користуватися навчальними ресурсами",0
"Прошу відремонтувати парти в аудиторії 305, частина з них зламана",0
"всі ви безмозкі, я знайду на вас управу",1
"всі ви тупняки, попереджаю востаннє!!??",1
1111111111111!!??,1
Як можна отримати рекомендаційний лист від викладача?,0
"7У,КСЇ-Д!!??",1
"я не знаю що робити, мене несправедливо відрахували, будь ласка допоможіть",0
ідіть всі геть тра-ля-ля!!!,1
Чи є можливість перевестися на заочну форму навчання?,0
пробуй пробуй нічого не вийде,1
Коли будуть відомі дати сесії на наступний семестр?,0
"Прошу не ігнорувати мою скаргу, я вже зверталась до куратора і нічого не змінилось",0
"у гуртожитку не прибирають загальні приміщення, антисанітарія",0
як оскаржити оцінку з іспиту офіційно?,0
"я знайду на вас управу, тупі бюрократи",1
хахаха дебіли управляють коледжем хаха???,1
"У комп'ютерному класі не працює половина комп'ютерів, неможливо виконувати лабораторні",0
НІЧОГО ЦІКАВОГО ПРОСТО НАПИСАВ ЩОБ НАПИСАТИ,1
Дурні та жлоби та нікчеми та тупі! Все!,1
На парі з правознавства викладач обговорює особисте життя студентів,0
прошу розглянути скаргу: викладач з програмування вимагає гроші за здачу заліку!,0
Коли починається запис на курсові роботи цього семестру?,0
е е е агагага!,1
МЕНІ ВСЕ ОДНО НА ВАШІ ПРАВИЛА,1
"Це вже третє звернення, ніхто не реагує на проблему в гуртожитку",0
ЕЕЕЕЄ І ВСЕ,1
"У комп'ютерному класі не працює половина комп'ютерів, неможливо виконувати лабораторні",0
мені все одно на ваші правила!!!,1
"У комп'ютерному класі не працює половина комп'ютерів, неможливо виконувати лабораторні",0
"У комп'ютерному класі не працює половина комп'ютерів, неможливо виконувати лабораторні",0
яка процедура переведення з однієї групи до іншої?,0
ячсмитьбю???,1
"Хочу оскаржити оцінку на іспиті — вважаю що перевірка була несправедливою, прошу допомогти!",0
"У комп'ютерному класі не працює половина комп'ютерів, неможливо виконувати лабораторні",0
як зв'язатися з деканом?,0
ну ну НЕНАВИДЖУ ТУТ ВСЕ! ТУПІ!,1
У гуртожитку відсутнє освітлення на третьому поверсі,0
Прошу перевірити ситуацію: викладач виставив оцінку без проведення іспиту!,0
"мене не внесли до списку на отримання матеріальної допомоги, хоча маю право",0
"Викладач з фізики ставить незадовільні оцінки без пояснень, це несправедливо, будь ласка!",0
"Чи є можливість перевестися на заочну форму навчання?, дякую",0
яка процедура переведення з однієї групи до іншої?,0
"Добрий день, підкажіть розклад на цей тиждень",0
Підкажіть номер телефону медпункту,0
"Викладач грубить студентам, які задають запитання під час лекції",0
НУ НУ НУ І ВСЕ,1
Де подати заяву на підвищену стипендію?,0
!!!???!!!???,1
е е е ЦШЩҐ  ЦШЩҐ  ЦШЩҐ  ЦШЩҐ  ЦШЩҐ  ...,1
е е е це просто смішно як погано! Тупі!!!??,1
"Мені дуже важко, викладач постійно мене виділяє і принижує перед групою",0
"Прошу пояснити, за якою підставою з мене стягують додаткову плату за гуртожиток",0
Недоумки а також провалюйтесь а також безмозкі! Ось так.,1
ну ну Йдіть і ще бездари і ще дурні і ще незграби! Зрозуміли?!!!,1
"У 301 аудиторії не працює проєктор, викладач не може показувати матеріал",0
ну ну ну і все,1
Дурні і незграби! Все!,1
"Лектор читає лекції зі старих слайдів 2010 року, матеріал застарілий",0
йоу йоу!,1
"Що робити, якщо пропустив іспит через хворобу?",0
Адміністрація не надає інформацію про графік перескладання,0
ЗЄДФХШК_,1
юхшахїцкжчїаєґжзбгоянжфмйййчшфбяи,1
"Я розчарований ставленням адміністрації до студентів, хочу подати офіційну скаргу",0
"Не знаю чи правильно пишу сюди, але хочу поскаржитися на умови навчання!",0
"Вибачте що турбую, але не знаю до кого ще звернутися з цим питанням",0
ааааа і все,1
прошу пояснити порядок відновлення після академічної відпустки,0
мій кіт зробив щось смішне вчора,1
Прошу перевірити ситуацію: викладач виставив оцінку без проведення іспиту,0
"Прошу розглянути питання щодо неправомірного стягнення плати за навчання, дякую",0
Хочу подати скаргу: викладач з хімії принижує студентів перед аудиторією,0
Як оформити академічну відпустку за станом здоров'я?,0
Де можна отримати довідку про місце навчання для соціальних служб?!,0
ОЙОЙОЙ І ВСЕ!!??,1
иієй  иієй  иієй  иієй,1
викладач не відповідає на запитання студентів і одразу знижує оцінку за незнання,0
хочу подати скаргу: викладач з хімії принижує студентів перед аудиторією,0
БЕЗМОЗКІ І ЩЕ ТУПНЯКИ! ВСЕ!,1
"Коли починається запис на курсові роботи цього семестру?, будь ласка",0
"Прошу замінити лампи в коридорі другого поверху, там темно",0
скучно на парі тому пишу сюди!,1
ЬЛЧТ ЄҐУЦХ ЖЛГ БЦСМБ КЕФВ!!??,1
"У комп'ютерному класі не працює половина комп'ютерів, неможливо виконувати лабораторні",0
Як зв'язатися з деканом?!,0
Придурки — я знайду на вас управу,1
Чи є можливість перевестися на заочну форму навчання?,0
Чи можу я самостійно обрати тему дипломної роботи?,0
набридло все! Провалюйтесь!,1
ну ну тупі викладачі і тупа адміністрація!!!,1
Адміністрація не надає інформацію про графік перескладання!,0
Чи є можливість перевестися на заочну форму навчання?,0
"прошу поставитися до мого звернення серйозно, мені справді потрібна допомога",0
"У комп'ютерному класі не працює половина комп'ютерів, неможливо виконувати лабораторні",0
Прошу розглянути скаргу на незаконне заселення сторонніх у гуртожиток,0
"е е е ненавиджу цей коледж, я напишу скрізь про вас!???",1
ну о-о-о ну???,1
"Що робити, якщо пропустив іспит через хворобу?, будь ласка",0
ТУПІ А ТАКОЖ ТУПАРИ А ТАКОЖ БЕЗДАРИ А ТАКОЖ ПОКИДЬКИ!!???,1
Комендант не дозволяє залишати ноутбук у кімнаті на канікулах — це законно?,0
"Чи надається знижка на проїзд для студентів денної форми навчання?, прошу допомогти!",0
"ви всі нікчеми, ганьба закладу!!!",1
"Адміністрація не відповідає на звернення щодо переведення на іншу спеціальність, прошу допомогти",0
Адміністрація не відповідає на звернення щодо переведення на іншу спеціальність,0
жах жахливий! Тупняки!,1
"Як дізнатися результати іспиту, якщо їх досі не виставили в журнал?, дякую",0
еійщаудєдмпумуцьзхтсфєіщчюдл,1
Коли буде наступна нарада студентського самоврядування?,0
ну ну Кретини і ще тупари і ще провалюйтесь і ще покидьки...,1
Коли будуть відомі дати сесії на наступний семестр?,0
е е е ого-го які тупі ого-го!!!,1
Наш викладач спізнюється на кожну пару мінімум на 15 хвилин,0
викладач дозволяє собі образливі коментарі щодо зовнішності студентів,0
У гуртожитку відсутнє освітлення на третьому поверсі,0
"Підкажіть номер телефону медпункту, дякую",0
кшщщ  кшщщ  кшщщ  кшщщ  кшщщ,1
Викладач з математики пояснює тему лише один раз і відмовляється повторювати,0
жйвк щщййду ли яу,1
"Викладач з економіки не пускає на іспит без особистого підпису куратора, якого немає",0
Комендант гуртожитку грубить студентам і погрожує виселенням без підстав,0
Хочу поскаржитись на неправомірне відрахування зі списку студентів,0
Прошу встановити більше розеток в аудиторії 210 для заряджання ноутбуків,0
лбєхгпчалюзеяфггїиг!,1
Прошу розглянути скаргу на незаконне заселення сторонніх у гуртожиток,0
ну ну всі ви однакові! Тупі!!!!,1
О котрій відчиняється бібліотека?,0
"ВСІ ВИ ПРИДУРКИ, Я ВАМ ПОКАЖУ",1
Як дізнатися свій номер студентського квитка?,0
Скільки пропусків допускається до заліку?,0
Жлоби а також бовдури а також ідіоти! Зрозуміли?,1
ого-го і все,1
"це просто смішно як погано, ось побачите що буде!",1
"У їдальні закінчуються страви о 12:00, більшість студентів залишаються без обіду",0
"ну ну всі ви нікчеми, ви дочекаєтесь!!??",1
"Деканат вимагає документи, яких немає в переліку вступних вимог",0
"скарга: у гуртожитку вже тиждень не працює опалення, дуже холодно, будь ласка",0
коли будуть відомі дати сесії на наступний семестр?,0
е е е їщиглктврґхгжлжребюдутрюгнгнззп,1
Адміністрація не відповідає на звернення щодо переведення на іншу спеціальність,0
ЛУЗЕРИ — ВИ ЩЕ ПОЧУЄТЕ ПРО МЕНЕ,1
"прошу відремонтувати парти в аудиторії 305, частина з них зламана, прошу допомогти",0
"Не знаю чи правильно пишу сюди, але хочу поскаржитися на умови навчання!",0
"мені соромно, але я мушу поскаржитися на поведінку одногрупників",0
ТДЕР МНХУЛ ЄХГЮЬА???,1
"Прошу оновити програмне забезпечення в комп'ютерному класі, воно застаріле",0
і що далі що ти зробиш,1
"Розумію що у вас багато звернень, але моя ситуація дійсно потребує допомоги, дякую",0
"Прошу розглянути питання щодо неправомірного стягнення плати за навчання, будь ласка",0
"У їдальні закінчуються страви о 12:00, більшість студентів залишаються без обіду",0
Прошу встановити більше розеток в аудиторії 210 для заряджання ноутбуків,0
Як зв'язатися з деканом?,0
деканат відмовляється приймати заяву про зміну форми навчання,0
Прошу перевірити умови проживання в кімнаті 214 — там є плісень на стінах,0
Чи надається знижка на проїзд для студентів денної форми навчання?,0
"У душовій гуртожитку зламані замки, прошу відремонтувати",0
ееееє!!??,1
Викладач з іноземної мови вимагає дорогі підручники тільки від конкретного видавництва!,0
"Що робити, якщо пропустив іспит через хворобу?",0
"Викладач грубить студентам, які задають запитання під час лекції",0
"Не знаю чи правильно пишу сюди, але хочу поскаржитися на умови навчання",0
пїдацу лрдьп мфйт би,1
ну ееееє ну,1
от ок ок ок от???,1
"Мені соромно, але я мушу поскаржитися на поведінку одногрупників",0
"Деканат не видає довідку про навчання вже два тижні, постійно відмовляють",0
"деканат не видає довідку про навчання вже два тижні, постійно відмовляють",0
"У 301 аудиторії не працює проєктор, викладач не може показувати матеріал!",0
Де можна отримати довідку про місце навчання для соціальних служб?,0
2щіибуоззєфіф!р...,1
йцукенгшщзх,1
"у нашій кімнаті в гуртожитку тече дах, комендант ігнорує звернення",0
"хочу дізнатися, де знаходиться 305 аудиторія",0
ХАХА ХАХА ХАХА ХАХА ХАХА...,1
"ну ну ,!,?,?!,..!....!,",1
Я вже кілька разів намагався вирішити це питання і щоразу мене відправляють далі,0
ХЕЛЛО ВОРЛД ЦЕ ТЕСТ ПОВІДОМЛЕННЯ,1
"підкажіть, як подати заяву на перескладання іспиту з вищої математики?",0
Куратор не підписує обхідний лист вже третій тиждень без жодних причин,0
хахаха і все,1
"Прошу не ігнорувати мою скаргу, я вже зверталась до куратора і нічого не змінилось",0
"Я ЗНАЙДУ НА ВАС УПРАВУ, ДЕБІЛИ!",1
"У бібліотеці немає потрібного підручника з бухгалтерського обліку, коли він надійде?",0
Бовдури — ви про це пожалкуєте!,1
зупиніться інакше буде погано,1
"Мені дуже важко, викладач постійно мене виділяє і принижує перед групою",0
"ненавиджу тут все, попереджаю востаннє!",1
Як дізнатися свій номер студентського квитка?,0
ну ну ОЛОЯ  ОЛОЯ  ОЛОЯ  ОЛОЯ  ОЛОЯ,1
"хочу щоб все горіло, ви ще почуєте про мене!",1
"Я не знаю що робити, мене несправедливо відрахували, будь ласка допоможіть!",0
де здають документи для оформлення стипендії?,0
Тупняки та тупари! Зрозуміли?,1
яка процедура поновлення після відрахування?,0
е е е Йдіть плюс покидьки плюс бовдури! Зрозуміли?!!!,1
"Прошу поставитися до мого звернення серйозно, мені справді потрібна допомога, дякую",0
аааааааааааааааааа!!??,1
"Мені не виписали студентський квиток, хоча навчаюсь вже три місяці",0
",,,.?...",1
"Принтер у студентському центрі не працює вже третій день, прошу допомогти",0
Яка процедура поновлення після відрахування?,0
як можна отримати рекомендаційний лист від викладача?,0
"Прошу не ігнорувати мою скаргу, я вже зверталась до куратора і нічого не змінилось",0
АДИ_ИЛНДО33І5А_А5?8ЦХИ?ШВЖЦХ,1
"Ш0,;,ОЄ_ЩЄТ4П?3ЩЇ",1
е е е нічого цікавого просто написав щоб написати,1
"це вже третє звернення, ніхто не реагує на проблему в гуртожитку, будь ласка",0
ГЕЙ ГЕЙ ГЕЙ ГЕЙ ГЕЙ ГЕЙ ГЕЙ ГЕЙ ГЕЙ ГЕЙ ГЕЙ ГЕЙ ГЕЙ ГЕЙ ГЕЙ ГЕЙ,1
Де здають документи для оформлення стипендії?,0
"е е е всі ви олухи, ось побачите що буде???",1
"Ліфт у гуртожитку не працює вже два тижні, незручно студентам з інвалідністю",0
ВАШІ ПРАВИЛА ДЛЯ ЛОХІВ А НЕ ДЛЯ МЕНЕ,1
"Скарга: у гуртожитку вже тиждень не працює опалення, дуже холодно",0
га га га га га га га,1
Покидьки та лузери та жлоби та безмозкі!!,1
ну ну .....................,1
ну ну от ааааа от!!!,1
Прошу перевірити умови проживання в кімнаті 214 — там є плісень на стінах,0
"Я не знаю що робити, мене несправедливо відрахували, будь ласка допоможіть",0
"Прошу пояснити, за якою підставою з мене стягують додаткову плату за гуртожиток!",0
"всі ви однакові, я розберуся з вами!",1
"Прошу оновити програмне забезпечення в комп'ютерному класі, воно застаріле",0
"У їдальні закінчуються страви о 12:00, більшість студентів залишаються без обіду",0
Комендант гуртожитку грубить студентам і погрожує виселенням без підстав,0
"Викладач постійно скасовує пари без попередження і не відпрацьовує їх, дякую",0
Придурки і ще дурні! Все!,1
ААААААААААААААААААААААААА!!!,1
"Викладач грубить студентам, які задають запитання під час лекції!",0
"У нашій кімнаті в гуртожитку тече дах, комендант ігнорує звернення",0
ааааа все набридло ідіоти,1
"У душовій гуртожитку зламані замки, прошу відремонтувати!",0
"Сусіди в гуртожитку систематично шумлять вночі, заважають відпочивати",0
"Наш викладач спізнюється на кожну пару мінімум на 15 хвилин, прошу допомогти",0
"Я розчарований ставленням адміністрації до студентів, хочу подати офіційну скаргу",0
"е е е я вам покажу де раки зимують, дебіли",1
ого-го!!,1
"Це вже третє звернення, ніхто не реагує на проблему в гуртожитку",0
"у бібліотеці немає потрібного підручника з бухгалтерського обліку, коли він надійде?, дякую!",0
Прошу розглянути скаргу на незаконне заселення сторонніх у гуртожиток,0
"Деканат не видає довідку про навчання вже два тижні, постійно відмовляють",0
ну ну плювати я хотів! Дурні!,1
"викладач грубить студентам, які задають запитання під час лекції",0
"Деканат вимагає документи, яких немає в переліку вступних вимог",0
"прошу допомогти: у розкладі помилка, нас відправили в неіснуючу аудиторію",0
НУ І ЩО НУ І ЩО НУ І ЩО,1
всі ви однакові! Дурні!...,1
У туалеті на другому поверсі не працює вентиляція вже два тижні,0
"Скарга: у гуртожитку вже тиждень не працює опалення, дуже холодно",0
"Мені відмовляють у академічній відпустці без пояснення підстав, прошу допомогти",0
Яка процедура поновлення після відрахування?,0
ХЕЙ ХЕЙ!,1
Бовдури і ще покидьки...,1
"Яка процедура поновлення після відрахування?, дякую",0
мсяз  мсяз  мсяз  мсяз  мсяз  мсяз  мсяз,1
Де можна роздрукувати матеріали до захисту курсової?!,0
Викладач постійно скасовує пари без попередження і не відпрацьовує їх,0
.....................,1
",.!,,!?.!?,???",1
ЖЛОБИ А ТАКОЖ НЕДОУМКИ А ТАКОЖ НІКЧЕМИ! ЗРОЗУМІЛИ?,1
"деканат вимагає документи, яких немає в переліку вступних вимог",0
Як оформити академічну відпустку за станом здоров'я?,0
Тупі плюс кретини плюс олухи!!,1
"прошу оновити програмне забезпечення в комп'ютерному класі, воно застаріле",0
Мені відмовляють у академічній відпустці без пояснення підстав,0
у туалеті на другому поверсі не працює вентиляція вже два тижні,0
"я вам покажу де раки зимують, дебіли",1
ОГО-ГО І ВСЕ,1
ГА ГА ГА ГА ГА ГА ГА???,1
ТУПІ А ТАКОЖ ПОКИДЬКИ А ТАКОЖ БЕЗДАРИ! ОСЬ ТАК.,1
Яка процедура переведення з однієї групи до іншої?,0
Де подати заяву на підвищену стипендію?,0
"ВСЕ ЦЕ ЛАЙНО, Я НАПИШУ СКРІЗЬ ПРО ВАС!",1
"прошу відремонтувати парти в аудиторії 305, частина з них зламана",0
"ну ну ВСІ ВИ БЕЗДАРИ, ГОТУЙТЕСЬ ДО НАСЛІДКІВ",1
!!!???!!!???,1
ааааааааааааааааааааааааа,1
ЙДІТЬ ПЛЮС ПОКИДЬКИ ПЛЮС НІКЧЕМИ ПЛЮС БОВДУРИ! ВСЕ!,1
Деканат відмовляється приймати заяву про зміну форми навчання,0
ну ну ГА ГА ГА ГА ГА ГА ГА!!??,1
"У бібліотеці немає потрібного підручника з бухгалтерського обліку, коли він надійде?",0
ЄЬЦФ  ЄЬЦФ  ЄЬЦФ  ЄЬЦФ  ЄЬЦФ  ЄЬЦФ  ЄЬЦФ,1
ХМ ХМ ХМ І ВСЕ,1
"Підкажіть, як подати заяву на перескладання іспиту з вищої математики?",0
робіть що хочете мені байдуже,1
ваші правила для лохів а не для мене...,1
це взагалі щось читає чи ні!!!,1
Прошу розглянути питання щодо неправомірного стягнення плати за навчання,0
На парі з правознавства викладач обговорює особисте життя студентів,0
ОТ О-О-О ОТ,1
"У бібліотеці немає потрібного підручника з бухгалтерського обліку, коли він надійде?",0
коли будуть відомі дати сесії на наступний семестр?,0
"я напишу скрізь про вас, провалюйтесь!",1
Хочу оскаржити оцінку на іспиті — вважаю що перевірка була несправедливою,0
"..?,!",1
"Деканат вимагає документи, яких немає в переліку вступних вимог!",0
УУУУ!,1
Де здають документи для оформлення стипендії?,0
"У нашій кімнаті в гуртожитку тече дах, комендант ігнорує звернення",0
ПОКИДЬКИ А ТАКОЖ ЙДІТЬ А ТАКОЖ ТУПІ А ТАКОЖ КРЕТИНИ! ЗРОЗУМІЛИ?!!??,1
"Яка процедура переведення з однієї групи до іншої?, прошу допомогти!",0
"я знаю всіх вас, будьте готові до наслідків",1
ДА-ДА-ДА ДА-ДА-ДА???,1
"ГОТУЙТЕСЬ, Я НЕ ТАКИЙ ЯК ВСІ СТУДЕНТИ",1
??????????????????,1
Куратор не підписує обхідний лист вже третій тиждень без жодних причин,0
??????????????????!,1
"Викладач з економіки не пускає на іспит без особистого підпису куратора, якого немає",0
аааааааааааааааааа???,1
"Сусіди в гуртожитку систематично шумлять вночі, заважають відпочивати",0
У гуртожитку відсутнє освітлення на третьому поверсі,0
я не залишу це просто так! найгірше місце!,1
нсжфгшрчґїкєбахолйзічзжюшщщйй,1
"Мене не внесли до списку на отримання матеріальної допомоги, хоча маю право",0
Я НАПИШУ СКРІЗЬ ПРО ВАС! ВСЕ ЦЕ ЛАЙНО!,1
НУ ВАУ ВАУ НУ,1
е е е Тупі — ви про це пожалкуєте,1
Де можна отримати студентський квиток?,0
"прошу пояснити, чому мені не нарахували стипендію цього місяця",0
Прошу розглянути: студентів виселяють з гуртожитку без попередження,0
ну ну ЇИРЧ  ЇИРЧ  ЇИРЧ  ЇИРЧ  ЇИРЧ  ЇИРЧ,1
Безмозкі а також придурки а також лузери а також бездарності!!,1
----------???,1
прошу вирішити: в гуртожитку немає гарячої води вже 10 днів,0
гу аі нішю щгкб їбє зс!,1
"Викладач постійно скасовує пари без попередження і не відпрацьовує їх, прошу допомогти!",0
Прошу розглянути скаргу на незаконне заселення сторонніх у гуртожиток,0
Хочу подати скаргу: викладач з хімії принижує студентів перед аудиторією,0
"Чи надається знижка на проїзд для студентів денної форми навчання?, прошу допомогти",0
е е е Незграби і придурки і йдіть і бовдури!!,1
"Деканат не видає довідку про навчання вже два тижні, постійно відмовляють, дякую",0
Прошу розглянути скаргу на упереджене ставлення викладача до нашої групи,0
ААААААААААААААААААААААААА,1
"Прошу відремонтувати парти в аудиторії 305, частина з них зламана",0
Як оформити академічну відпустку за станом здоров'я?,0
Бездари і олухи і покидьки і провалюйтесь! Все!???,1
зупиніться інакше буде погано!,1
скучно на парі тому пишу сюди,1
Хочу записатися на прийом до ректора,0
хочу подивитися як ви мене відрахуєте ха,1
прошу перевірити умови проживання в кімнаті 214 — там є плісень на стінах,0
"У комп'ютерному класі не працює половина комп'ютерів, неможливо виконувати лабораторні",0
ТУПІ ВИКЛАДАЧІ І ТУПА АДМІНІСТРАЦІЯ,1
Деканат відмовляється приймати заяву про зміну форми навчання,0
ВСІ ДЕБІЛИ ТУТ АБСОЛЮТНО!!!,1
"у їдальні закінчуються страви о 12:00, більшість студентів залишаються без обіду",0
хахаха,1
"Прошу терміново втрутитися, ситуація критична — мене можуть відрахувати через помилку",0
Де можна отримати студентський квиток?,0
мій кіт зробив щось смішне вчора!!!,1
прошу розглянути: студентів виселяють з гуртожитку без попередження,0
талб  талб  талб,1
У гуртожитку відсутнє освітлення на третьому поверсі,0
Я вже кілька разів намагався вирішити це питання і щоразу мене відправляють далі,0
"Прошу розглянути: студентів виселяють з гуртожитку без попередження, дякую!",0
Нікчеми а також лузери а також йдіть а також безмозкі! Все!,1
"У їдальні закінчуються страви о 12:00, більшість студентів залишаються без обіду",0
НУ НУ НУ!,1
адміністрація не надає інформацію про графік перескладання!,0
є хтось тут є хтось тут є хтось тут,1
"Сусіди в гуртожитку систематично шумлять вночі, заважають відпочивати!",0
"ГОТУЙТЕСЬ ДО НАСЛІДКІВ, КРЕТИНИ!",1
"Викладач з економіки не пускає на іспит без особистого підпису куратора, якого немає",0
"Лектор читає лекції зі старих слайдів 2010 року, матеріал застарілий",0
"деканат вимагає документи, яких немає в переліку вступних вимог",0
Чи можна отримати копію залікової книжки?,0
викладач постійно скасовує пари без попередження і не відпрацьовує їх,0
Де можна отримати довідку про місце навчання для соціальних служб?,0
"лектор читає лекції зі старих слайдів 2010 року, матеріал застарілий!",0
НННН І ВСЕ,1
Підкажіть номер телефону медпункту,0
БЕЗДАРНОСТІ ПЛЮС НЕЗГРАБИ! ОСЬ ТАК.!,1
прошу розглянути: студентів виселяють з гуртожитку без попередження,0
test test test,1
Прошу розглянути питання щодо неправомірного стягнення плати за навчання,0
Коли будуть відомі дати сесії на наступний семестр?,0
",..,.??....!!!.",1
"Я не знаю що робити, мене несправедливо відрахували, будь ласка допоможіть, дякую",0
яка процедура поновлення після відрахування?,0
Де можна роздрукувати матеріали до захисту курсової?,0
ХТО ГРАЄ У ФУТБОЛ СЬОГОДНІ ВВЕЧЕРІ???,1
е е е ноьг  ноьг  ноьг  ноьг  ноьг  ноьг  ноьг,1
"у їдальні закінчуються страви о 12:00, більшість студентів залишаються без обіду",0
"Добрий день, підкажіть розклад на цей тиждень",0
"всі ви дурні, попереджаю востаннє",1
бла бла бла нікому не потрібно бла бла,1
е е е нннн нннн!,1
"У їдальні закінчуються страви о 12:00, більшість студентів залишаються без обіду, дякую",0
"ВСІ ВИ БОВДУРИ, Я ВАМ ПОКАЖУ!!!",1
Скільки пропусків допускається до заліку?,0
ну ну ПРИДУРКИ І ЩЕ БЕЗМОЗКІ І ЩЕ ДЕБІЛИ І ЩЕ БЕЗДАРНОСТІ!,1
Де можна отримати студентський квиток?,0
хто грає у футбол сьогодні ввечері,1
"НЕНАВИДЖУ ЦЕЙ КОЛЕДЖ, ВАМ ЦЕ ТАК НЕ МИНЕ!???",1
ХМ ХМ ХМ ХМ ХМ ХМ,1
"Мене не внесли до списку на отримання матеріальної допомоги, хоча маю право, будь ласка",0
"Сусіди в гуртожитку систематично шумлять вночі, заважають відпочивати",0
Де можна роздрукувати матеріали до захисту курсової?,0
"Розумію що у вас багато звернень, але моя ситуація дійсно потребує допомоги",0
е е е є хтось тут є хтось тут є хтось тут,1
"у туалеті на другому поверсі не працює вентиляція вже два тижні, будь ласка",0
я люблю піцу особливо з ковбасою!,1
адміністрація не реагує на колективне звернення нашої групи,0
"прошу вирішити: в гуртожитку немає гарячої води вже 10 днів, дякую",0
ЕЕЕЕЄ І ВСЕ,1
1111111111111,1
"Чи надається знижка на проїзд для студентів денної форми навчання?, дякую",0
ячсмитьбю,1
аааааааааааааааааа!,1
прошу розглянути скаргу на упереджене ставлення викладача до нашої групи,0
"мені соромно, але я мушу поскаржитися на поведінку одногрупників",0
"Прошу розглянути скаргу: викладач з програмування вимагає гроші за здачу заліку, будь ласка",0
"Адміністрація не реагує на колективне звернення нашої групи, будь ласка",0
"Деканат вимагає документи, яких немає в переліку вступних вимог",0
ааааа все набридло ідіоти!,1
Принтер у студентському центрі не працює вже третій день,0
"Мені соромно, але я мушу поскаржитися на поведінку одногрупників",0
"Прошу замінити лампи в коридорі другого поверху, там темно",0
юґяу  юґяу  юґяу  юґяу  юґяу,1
Прошу встановити більше розеток в аудиторії 210 для заряджання ноутбуків,0
е е е ОЛУХИ І ДУРНІ І ТУПАРИ...!!??,1
Прошу пояснити порядок відновлення після академічної відпустки,0
Комендант не дозволяє залишати ноутбук у кімнаті на канікулах — це законно?,0
"Хочу подати скаргу: викладач з хімії принижує студентів перед аудиторією, будь ласка!",0
е е е дивився фільм усю ніч класний був,1
"ну ну ВСІ ТУТ ТУПІ, ВАМ ТРЕБА ЗАКРИТИСЯ",1
"Деканат не видає довідку про навчання вже два тижні, постійно відмовляють, прошу допомогти",0
"Прошу розглянути питання щодо неправомірного стягнення плати за навчання, будь ласка",0
Як дізнатися свій номер студентського квитка?!,0
"Викладач постійно скасовує пари без попередження і не відпрацьовує їх, прошу допомогти",0
Хочу записатися на прийом до ректора,0
"це вам не мине, я звернуся куди треба???",1
"е е е я розберуся з вами, ідіоти!",1
у гуртожитку відсутнє освітлення на третьому поверсі,0
"Прошу замінити лампи в коридорі другого поверху, там темно",0
ойойой!,1
Нікчеми — я напишу скрізь про вас???,1
"Прошу замінити лампи в коридорі другого поверху, там темно",0
"Чи надається знижка на проїзд для студентів денної форми навчання?, прошу допомогти",0
Коли будуть відомі дати сесії на наступний семестр?,0
от ок ок ок от???,1
ПОКИДЬКИ ЗІБРАЛИСЯ В ОДНОМУ МІСЦІ,1
КРЕТИНИ А ТАКОЖ НІКЧЕМИ! ЗРОЗУМІЛИ?!!!,1
Скільки пропусків допускається до заліку?,0
"Прошу не ігнорувати мою скаргу, я вже зверталась до куратора і нічого не змінилось",0
Підкажіть номер телефону медпункту,0
"я напишу на вас скрізь, ви ще пожалкуєте",1
ПОКИДЬКИ І ІДІОТИ І ТУПІ! ВСЕ!,1
"У навчальному корпусі дуже холодно взимку — система опалення не справляється, будь ласка",0
"Прошу оновити програмне забезпечення в комп'ютерному класі, воно застаріле",0
"У гуртожитку не прибирають загальні приміщення, антисанітарія, дякую",0
комендант гуртожитку грубить студентам і погрожує виселенням без підстав,0
"Прошу допомогти: у розкладі помилка, нас відправили в неіснуючу аудиторію",0
Підкажіть номер телефону медпункту!,0
"готуйтесь, я не такий як всі студенти",1
"Мені соромно, але я мушу поскаржитися на поведінку одногрупників",0
"Чи можу я самостійно обрати тему дипломної роботи?, дякую",0
Ідіоти а також дурні!!???,1
"Прошу розглянути скаргу: викладач з програмування вимагає гроші за здачу заліку, будь ласка",0
Ідіоти та придурки! Все!...,1
Це несправедливо і я хочу щоб хтось нарешті розібрався з цим!,0
"набридло все, це вам так не зійде!",1
"У 301 аудиторії не працює проєктор, викладач не може показувати матеріал",0
Комендант гуртожитку грубить студентам і погрожує виселенням без підстав,0
Викладач постійно скасовує пари без попередження і не відпрацьовує їх,0
е е е НІКЧЕМИ ВИ ВСІ БЕЗ ВИНЯТКУ,1
"Сусіди в гуртожитку систематично шумлять вночі, заважають відпочивати",0
"у нашій кімнаті в гуртожитку тече дах, комендант ігнорує звернення",0
ааааааааааааааааааааааааа,1
ееееє!,1
"Сусіди в гуртожитку систематично шумлять вночі, заважають відпочивати",0
о о о о о о о о о о о о о о о о о о,1
Де можна роздрукувати матеріали до захисту курсової?,0
ььдтл биичип лхрав збв чп цґппз,1
Тупари а також покидьки а також тупі а також олухи...,1
Прошу вирішити: в гуртожитку немає гарячої води вже 10 днів!,0
"Хочу дізнатися, де знаходиться 305 аудиторія, будь ласка",0
ІДІТЬ ВСІ ГЕТЬ ТРА-ЛЯ-ЛЯ,1
"Розумію що у вас багато звернень, але моя ситуація дійсно потребує допомоги",0
лгзґ  лгзґ  лгзґ  лгзґ  лгзґ  лгзґ  ...,1
коли будуть відомі дати сесії на наступний семестр?,0
Чи можу я самостійно обрати тему дипломної роботи?,0
ХАХА ХАХА ХАХА ХАХА ХАХА,1
Прошу розглянути скаргу на упереджене ставлення викладача до нашої групи,0
"підкажіть, чи є можливість складати іспити достроково?",0
ну ну Провалюйтесь та тупі!,1
Яка процедура переведення з однієї групи до іншої?,0
ну ееееє ну,1
на парі з правознавства викладач обговорює особисте життя студентів!,0
исйечнілсьншшчтфрвьбурпмйпк,1
Коли буде наступна нарада студентського самоврядування?,0
Чи є можливість перевестися на заочну форму навчання?,0
е е е Тупняки і дебіли...,1
Куратор не підписує обхідний лист вже третій тиждень без жодних причин,0
адміністрація не надає інформацію про графік перескладання!,0
Прошу встановити більше розеток в аудиторії 210 для заряджання ноутбуків,0
"Вибачте що турбую, але не знаю до кого ще звернутися з цим питанням",0
Олухи — ви дочекаєтесь,1
Підкажіть номер телефону медпункту,0
"Мені не виписали студентський квиток, хоча навчаюсь вже три місяці",0
Як дізнатися свій номер студентського квитка?,0
мій кіт зробив щось смішне вчора,1
е е е ркщіїнчд,1
е е е нічого нічого нічого нічого!,1
НІЧОГО НІЧОГО НІЧОГО НІЧОГО,1
де знаходиться студентська профспілка і як вона може допомогти?,0
"не знаю чи правильно пишу сюди, але хочу поскаржитися на умови навчання, прошу допомогти",0
я знайду на вас управу! це просто смішно як погано!,1
"Викладач з економіки не пускає на іспит без особистого підпису куратора, якого немає, дякую",0
"Прошу допомогти: у розкладі помилка, нас відправили в неіснуючу аудиторію",0
"Прошу вирішити: в гуртожитку немає гарячої води вже 10 днів, дякую",0
"вам це так не зійде, я не здамся???",1
"адміністрація не відповідає на звернення щодо переведення на іншу спеціальність, прошу допомогти",0
"1ЬЇАО2ЧІР!ҐРІЄШ?ПЦР9ЙР,",1
ну ну Ідіоти і ще недоумки! Зрозуміли?,1
Коли буде наступна нарада студентського самоврядування?,0
е ну і що тупняки е ну і що...,1
адміністрація не відповідає на звернення щодо переведення на іншу спеціальність,0
"Підкажіть, хто відповідає за розклад іспитів?",0
"прошу допомогти: у розкладі помилка, нас відправили в неіснуючу аудиторію, будь ласка",0
ОК ОК ОК!!!!,1
Комендант гуртожитку грубить студентам і погрожує виселенням без підстав,0
БЛА БЛА БЛА,1
Де можна отримати довідку про місце навчання для соціальних служб?,0
Як оформити академічну відпустку за станом здоров'я?,0
Комендант гуртожитку грубить студентам і погрожує виселенням без підстав,0
ХМ ХМ ХМ,1
ДА ДА ДА ДА ДА ДА ДА ДА,1
Чи можна отримати копію залікової книжки?,0
ну ну ойойой і все,1
підкажіть номер телефону медпункту,0
жах жахливий! Олухи!!,1
просто так написав без причини...,1
Чи є можливість перевестися на заочну форму навчання?!,0
Принтер у студентському центрі не працює вже третій день,0
"Чи можу я самостійно обрати тему дипломної роботи?, будь ласка",0
е е е мслс  мслс  мслс  мслс  мслс  мслс,1
"Розумію що у вас багато звернень, але моя ситуація дійсно потребує допомоги",0
"Мені не виписали студентський квиток, хоча навчаюсь вже три місяці",0
ваші правила для лохів а не для мене,1
"Мені соромно, але я мушу поскаржитися на поведінку одногрупників",0
ого-го,1
"Мені соромно, але я мушу поскаржитися на поведінку одногрупників!",0
Викладач з іноземної мови вимагає дорогі підручники тільки від конкретного видавництва,0
ого-го які тупі ого-го,1
"Я не можу зосередитися на навчанні через умови в гуртожитку, прошу допомогти, дякую",0
де можна отримати студентський квиток?,0
"я розчарований ставленням адміністрації до студентів, хочу подати офіційну скаргу",0
"Мені не виписали студентський квиток, хоча навчаюсь вже три місяці!",0
"Викладач з економіки не пускає на іспит без особистого підпису куратора, якого немає",0
Як можна отримати рекомендаційний лист від викладача?,0
"Скарга: у гуртожитку вже тиждень не працює опалення, дуже холодно",0
"ну ну ВИ ЩЕ МЕНЕ ЗАПАМ'ЯТАЄТЕ, НЕЗГРАБИ!???",1
Прошу вирішити: в гуртожитку немає гарячої води вже 10 днів,0
Прошу розглянути скаргу на упереджене ставлення викладача до нашої групи,0
прошу розглянути скаргу на незаконне заселення сторонніх у гуртожиток,0
"У комп'ютерному класі не працює половина комп'ютерів, неможливо виконувати лабораторні",0
Хочу поскаржитись на неправомірне відрахування зі списку студентів,0
Адміністрація не надає інформацію про графік перескладання,0
"Хочу дізнатися, де знаходиться 305 аудиторія",0
га га га га га га га га га га,1
гей гей гей гей гей!,1
"Комендант не дозволяє залишати ноутбук у кімнаті на канікулах — це законно?, дякую",0
У навчальному корпусі дуже холодно взимку — система опалення не справляється,0
"у кімнаті зламані меблі, вже місяць просимо замінити — нічого не робиться",0
"Wi-Fi у бібліотеці працює дуже повільно, неможливо користуватися навчальними ресурсами, дякую",0
ненавиджу тут все! Покидьки!,1
Мені відмовляють у академічній відпустці без пояснення підстав,0
комендант гуртожитку грубить студентам і погрожує виселенням без підстав,0
Чи можна отримати копію залікової книжки?,0
ось побачите що буде! все це лайно!???,1
123456789 абвгдеєжз,1
"У душовій гуртожитку зламані замки, прошу відремонтувати",0
ПОКИДЬКИ ПЛЮС ІДІОТИ ПЛЮС ОЛУХИ ПЛЮС ЙДІТЬ! ЗРОЗУМІЛИ?,1
Це несправедливо і я хочу щоб хтось нарешті розібрався з цим,0
"сусіди в гуртожитку систематично шумлять вночі, заважають відпочивати",0
"Підкажіть, хто відповідає за розклад іспитів?",0
"Мене не внесли до списку на отримання матеріальної допомоги, хоча маю право",0
"Підкажіть, хто відповідає за розклад іспитів?!",0
Прошу розглянути скаргу: викладач з програмування вимагає гроші за здачу заліку,0
У туалеті на другому поверсі не працює вентиляція вже два тижні,0
"У їдальні закінчуються страви о 12:00, більшість студентів залишаються без обіду",0
"Добрий день, підкажіть розклад на цей тиждень, дякую",0
Бездари та провалюйтесь! Зрозуміли?,1
Де знайти шаблон заяви на академічну відпустку?,0
уууу!,1
"У туалеті на другому поверсі не працює вентиляція вже два тижні, прошу допомогти",0
Чи є можливість перевестися на заочну форму навчання?,0
на парі з правознавства викладач обговорює особисте життя студентів,0
"Мене не внесли до списку на отримання матеріальної допомоги, хоча маю право!",0
прошу розглянути скаргу на упереджене ставлення викладача до нашої групи,0
"У гуртожитку не прибирають загальні приміщення, антисанітарія",0
"Мені дуже важко, викладач постійно мене виділяє і принижує перед групою",0
test test test...,1
"Прошу оновити програмне забезпечення в комп'ютерному класі, воно застаріле",0
вау вау вау вау!!??,1
нннн,1
Наш викладач спізнюється на кожну пару мінімум на 15 хвилин,0
прошу перевірити ситуацію: викладач виставив оцінку без проведення іспиту,0
схтоцч псм кпмґ єхлл ншок нцмбиз гся,1
Бовдури і ще безмозкі і ще недоумки!!,1
"Викладач з фізики ставить незадовільні оцінки без пояснень, це несправедливо!",0
"Хочу подати скаргу: викладач з хімії принижує студентів перед аудиторією, дякую",0
Прошу розглянути питання щодо неправомірного стягнення плати за навчання,0
викладач з математики пояснює тему лише один раз і відмовляється повторювати,0
Коли буде наступна нарада студентського самоврядування?,0
Викладач постійно скасовує пари без попередження і не відпрацьовує їх,0
"хочу дізнатися, де знаходиться 305 аудиторія",0
"У нашій кімнаті в гуртожитку тече дах, комендант ігнорує звернення",0
"прошу встановити більше розеток в аудиторії 210 для заряджання ноутбуків, прошу допомогти",0
БОВДУРИ І ТУПНЯКИ І БЕЗМОЗКІ...,1
ОТ НННН ОТ???,1
ну ну ХТО ГРАЄ У ФУТБОЛ СЬОГОДНІ ВВЕЧЕРІ,1
Дурні — це вам так не зійде,1
"Wi-Fi у бібліотеці працює дуже повільно, неможливо користуватися навчальними ресурсами",0
"Викладач грубить студентам, які задають запитання під час лекції",0
ла-ла-ла ла-ла-ла,1
прошу розглянути скаргу на упереджене ставлення викладача до нашої групи!,0
Прошу розглянути скаргу: викладач з програмування вимагає гроші за здачу заліку,0
"Прошу замінити лампи в коридорі другого поверху, там темно",0
"У нашій кімнаті в гуртожитку тече дах, комендант ігнорує звернення!",0
"Прошу не ігнорувати мою скаргу, я вже зверталась до куратора і нічого не змінилось, будь ласка",0
"Куратор не підписує обхідний лист вже третій тиждень без жодних причин, прошу допомогти",0
ХТО ГРАЄ У ФУТБОЛ СЬОГОДНІ ВВЕЧЕРІ,1
"ось побачите що я зроблю, запам'ятаєте мене",1
"Де можна отримати студентський квиток?, будь ласка",0
ну ну ваші правила для лохів а не для мене!,1
ЖЛОБИ І ЩЕ БОВДУРИ І ЩЕ ТУПІ!,1
Прошу розібрати ситуацію: викладач не зараховує лабораторні без пояснення причини,0
"Лектор читає лекції зі старих слайдів 2010 року, матеріал застарілий",0
У гуртожитку відсутнє освітлення на третьому поверсі,0
ну ну ви ще почуєте про мене! набридло все!,1
"всі тут тупі, вам треба закритися!!??",1
"що робити, якщо пропустив іспит через хворобу?",0
"У душовій гуртожитку зламані замки, прошу відремонтувати",0
Прошу перевірити ситуацію: викладач виставив оцінку без проведення іспиту,0
Яка процедура поновлення після відрахування?,0
е ну і що тупняки е ну і що,1
Чи надається знижка на проїзд для студентів денної форми навчання?,0
найгірше місце! Придурки!...,1
ну ну ну і все!!??,1
у туалеті на другому поверсі не працює вентиляція вже два тижні!,0
"Прошу оновити програмне забезпечення в комп'ютерному класі, воно застаріле",0
"Підкажіть, як подати заяву на перескладання іспиту з вищої математики?",0
Дурні і ще дебіли і ще тупняки! Все!,1
прошу перевірити ситуацію: викладач виставив оцінку без проведення іспиту,0
"Лектор читає лекції зі старих слайдів 2010 року, матеріал застарілий, будь ласка",0
е е е е е е!!??,1
"Прошу пояснити, за якою підставою з мене стягують додаткову плату за гуртожиток",0
"Мені соромно, але я мушу поскаржитися на поведінку одногрупників",0
СКУЧНО НА ПАРІ ТОМУ ПИШУ СЮДИ!,1
ну ну їїїїїїїїїїїї,1
АААААААААААААААААА,1
БОВДУРИ І ЩЕ НЕЗГРАБИ І ЩЕ ПРИДУРКИ! ЗРОЗУМІЛИ?,1
"Прошу оновити програмне забезпечення в комп'ютерному класі, воно застаріле!",0
Бездарності і недоумки і ідіоти і жлоби!!,1
"е е е вам це так не зійде, я не здамся",1
Комендант не дозволяє залишати ноутбук у кімнаті на канікулах — це законно?,0
"Не знаю чи правильно пишу сюди, але хочу поскаржитися на умови навчання",0
"Підкажіть, хто відповідає за розклад іспитів?",0
МЕНІ БАЙДУЖЕ НА ВСЕ! ОЛУХИ!,1
ну ну Йдіть — я не залишу це просто так,1
"Куратор не підписує обхідний лист вже третій тиждень без жодних причин, будь ласка",0
"Я не можу зосередитися на навчанні через умови в гуртожитку, прошу допомогти, дякую",0
безмозкі бюрократи нікчемні,1
"всі ви дурні, я знайду на вас управу",1
"?.?!,,.!.,.??,.?.",1
На парі з правознавства викладач обговорює особисте життя студентів,0
"Принтер у студентському центрі не працює вже третій день, будь ласка",0
Прошу пояснити порядок відновлення після академічної відпустки,0
сьогодні хороша погода???,1
"деканат не видає довідку про навчання вже два тижні, постійно відмовляють, прошу допомогти",0
ЕЕЕЕЄ ЕЕЕЕЄ,1
ну ну Покидьки і ще дурні і ще недоумки! Ось так.???,1
"Прошу терміново втрутитися, ситуація критична — мене можуть відрахувати через помилку",0
ви дочекаєтесь! це просто смішно як погано!???,1
ЙЦУКЕНГШЩЗХ!!!,1
"Деканат відмовляється приймати заяву про зміну форми навчання, прошу допомогти!",0
Адміністрація не відповідає на звернення щодо переведення на іншу спеціальність,0
"Деканат не видає довідку про навчання вже два тижні, постійно відмовляють",0
"Це вже третє звернення, ніхто не реагує на проблему в гуртожитку",0
прошу перевірити умови проживання в кімнаті 214 — там є плісень на стінах,0
Чи можна отримати копію залікової книжки?,0
У навчальному корпусі дуже холодно взимку — система опалення не справляється,0
Де знайти шаблон заяви на академічну відпустку?,0
БОВДУРИ ПЛЮС КРЕТИНИ!!???,1
ла-ла-ла і все,1
уууу!,1
на парі з правознавства викладач обговорює особисте життя студентів,0
"Деканат не видає довідку про навчання вже два тижні, постійно відмовляють, будь ласка!",0
вау вау,1
"Скарга: у гуртожитку вже тиждень не працює опалення, дуже холодно",0
У туалеті на другому поверсі не працює вентиляція вже два тижні,0
"У душовій гуртожитку зламані замки, прошу відремонтувати",0
Бездари і жлоби і тупі і бовдури!,1
ААВВВГГГДДД,1
"всі ви нікчеми, ви ще мене запам'ятаєте",1
"Як дізнатися результати іспиту, якщо їх досі не виставили в журнал?",0
Кретини та дебіли та тупняки та ідіоти! Зрозуміли?!!!,1
Прошу розглянути скаргу: викладач з програмування вимагає гроші за здачу заліку,0
"ось побачите що я зроблю, запам'ятаєте мене???",1
ви ще мене запам'ятаєте! ненавиджу тут все!,1
ну ну ЖЛОБИ І ЩЕ ТУПНЯКИ! ЗРОЗУМІЛИ?,1
"Підкажіть, як подати заяву на перескладання іспиту з вищої математики?, прошу допомогти",0
де подати заяву на підвищену стипендію?,0
"У душовій гуртожитку зламані замки, прошу відремонтувати",0
де можна отримати студентський квиток?,0
Адміністрація не відповідає на звернення щодо переведення на іншу спеціальність!,0
Прошу розібрати ситуацію: викладач не зараховує лабораторні без пояснення причини,0
"де можна отримати студентський квиток?, прошу допомогти",0
покидьки зібралися в одному місці!!!,1
Де здають документи для оформлення стипендії?,0
"Я не можу зосередитися на навчанні через умови в гуртожитку, прошу допомогти",0
"всі ви бовдури, готуйтесь до наслідків",1
Чи надається знижка на проїзд для студентів денної форми навчання?,0
викладач не відповідає на запитання студентів і одразу знижує оцінку за незнання,0
ен ґжщ шцєщяє цлпт!!!,1
ВСІ ВИ ОДНАКОВІ! ПРОВАЛЮЙТЕСЬ!???,1
уууу!,1
"Викладач дозволяє собі образливі коментарі щодо зовнішності студентів, дякую",0
ПРОБУЙ ПРОБУЙ НІЧОГО НЕ ВИЙДЕ,1
"е е е всі ви дурні, це вам так не зійде",1
Де знайти шаблон заяви на академічну відпустку?,0
хочу подати скаргу: викладач з хімії принижує студентів перед аудиторією,0
"Я розчарований ставленням адміністрації до студентів, хочу подати офіційну скаргу!",0
Тупняки і ще лузери і ще незграби...,1
Хочу оскаржити оцінку на іспиті — вважаю що перевірка була несправедливою,0
"Чи можна отримати копію залікової книжки?, дякую!",0
"всі ви тупняки, я знайду на вас управу",1
хочу оскаржити оцінку на іспиті — вважаю що перевірка була несправедливою,0
"Ліфт у гуртожитку не працює вже два тижні, незручно студентам з інвалідністю",0
принтер у студентському центрі не працює вже третій день,0
ааааа все набридло ідіоти,1
да-да-да і все!!??,1
ОК ОК ОК ОК ОК ОК,1
"прошу пояснити, за якою підставою з мене стягують додаткову плату за гуртожиток",0
"Підкажіть, чи є можливість складати іспити достроково?, прошу допомогти",0
"Добрий день, підкажіть розклад на цей тиждень",0
Нікчеми і ще кретини! Ось так.,1
нічого цікавого просто написав щоб написати,1
"Wi-Fi у бібліотеці працює дуже повільно, неможливо користуватися навчальними ресурсами",0
"мені соромно, але я мушу поскаржитися на поведінку одногрупників",0
!!!!!!!!!!!!!!!!!!!,1
е е е ваші правила для лохів а не для мене,1
"е е е все це лайно, готуйтесь до наслідків!",1
ЛУЗЕРИ І НЕВДАХИ ВСІ ТУТ,1
Чи можна отримати копію залікової книжки?,0
"прошу пояснити, за якою підставою з мене стягують додаткову плату за гуртожиток, дякую",0
я розберуся з вами! мені байдуже на все!...,1
ну ну НУ ХМ ХМ ХМ НУ!!??,1
"Хочу поскаржитись на неправомірне відрахування зі списку студентів, дякую",0
Викладач постійно скасовує пари без попередження і не відпрацьовує їх,0
"Як можна отримати рекомендаційний лист від викладача?, дякую",0
ідіоти управляють цим закладом,1
"викладач грубить студентам, які задають запитання під час лекції",0
Я вже кілька разів намагався вирішити це питання і щоразу мене відправляють далі,0
"всі ви незграби, я знайду на вас управу!!??",1
"Прошу пояснити, за якою підставою з мене стягують додаткову плату за гуртожиток!",0
"Викладач грубить студентам, які задають запитання під час лекції",0
"Викладач з іноземної мови вимагає дорогі підручники тільки від конкретного видавництва, прошу допомогти",0
Прошу розглянути скаргу: викладач з програмування вимагає гроші за здачу заліку,0
"Принтер у студентському центрі не працює вже третій день, дякую",0
Адміністрація не надає інформацію про графік перескладання,0
"Прошу пояснити, за якою підставою з мене стягують додаткову плату за гуртожиток",0
АААААААААААААААААА???,1
"Розумію що у вас багато звернень, але моя ситуація дійсно потребує допомоги",0
просто перевіряю чи працює цей бот,1
"Прошу поставитися до мого звернення серйозно, мені справді потрібна допомога, прошу допомогти!",0
"у їдальні закінчуються страви о 12:00, більшість студентів залишаються без обіду",0
"Мені не виписали студентський квиток, хоча навчаюсь вже три місяці",0
"ну ну ненавиджу тут все, я напишу скрізь про вас!",1
"прошу терміново втрутитися, ситуація критична — мене можуть відрахувати через помилку",0
Ідіоти плюс олухи плюс придурки плюс нікчеми! Зрозуміли?,1
"ось побачите що я зроблю, запам'ятаєте мене",1
Прошу пояснити порядок відновлення після академічної відпустки,0
"Підкажіть, як подати заяву на перескладання іспиту з вищої математики?",0
ну ну просто перевіряю чи працює цей бот!!!,1
ОТ Е-Е-Е ОТ!,1
О котрій відчиняється бібліотека?,0
Принтер у студентському центрі не працює вже третій день,0
"викладач грубить студентам, які задають запитання під час лекції",0
НІКЧЕМИ ВИ ВСІ БЕЗ ВИНЯТКУ,1
адміністрація не реагує на колективне звернення нашої групи,0
"чи можу я самостійно обрати тему дипломної роботи?, будь ласка",0
"У душовій гуртожитку зламані замки, прошу відремонтувати",0
Викладач з іноземної мови вимагає дорогі підручники тільки від конкретного видавництва,0
Адміністрація не відповідає на звернення щодо переведення на іншу спеціальність,0
"ВСІ ВИ ЛУЗЕРИ, ВИ ДОЧЕКАЄТЕСЬ",1
"!!?,,",1
Де подати заяву на підвищену стипендію?,0
Викладач з математики пояснює тему лише один раз і відмовляється повторювати,0
Я вже кілька разів намагався вирішити це питання і щоразу мене відправляють далі,0
"Прошу допомогти: у розкладі помилка, нас відправили в неіснуючу аудиторію",0
"Підкажіть, як подати заяву на перескладання іспиту з вищої математики?",0
Адміністрація не відповідає на звернення щодо переведення на іншу спеціальність,0
е е е ідіоти управляють цим закладом,1
Хочу поскаржитись на викладача з математики — він постійно запізнюється на 20-30 хвилин,0
"Де можна роздрукувати матеріали до захисту курсової?, будь ласка",0
"Прошу поставитися до мого звернення серйозно, мені справді потрібна допомога",0
"Деканат вимагає документи, яких немає в переліку вступних вимог",0
мені відмовляють у академічній відпустці без пояснення підстав!,0
Хочу оскаржити оцінку на іспиті — вважаю що перевірка була несправедливою,0
Принтер у студентському центрі не працює вже третій день!,0
Комендант гуртожитку грубить студентам і погрожує виселенням без підстав,0
от ойойой от,1
Прошу вирішити: в гуртожитку немає гарячої води вже 10 днів,0
попереджаю: ще раз і я розберуся з вами особисто,1
Олухи плюс дебіли плюс дурні! Все!...,1
----------,1
"Прошу оновити програмне забезпечення в комп'ютерному класі, воно застаріле",0
"Як дізнатися результати іспиту, якщо їх досі не виставили в журнал?",0
"Лектор читає лекції зі старих слайдів 2010 року, матеріал застарілий",0
"Вибачте що турбую, але не знаю до кого ще звернутися з цим питанням",0
Як зв'язатися з деканом?,0
де можна отримати студентський квиток?,0
Яка процедура переведення з однієї групи до іншої?,0
"прошу допомогти: у розкладі помилка, нас відправили в неіснуючу аудиторію",0
Де можна отримати студентський квиток?,0
ваші правила для лохів а не для мене!,1
Наш куратор ігнорує запитання на парах і говорить «самі розбирайтеся»,0
Комендант гуртожитку грубить студентам і погрожує виселенням без підстав,0
Хочу поскаржитись на неправомірне відрахування зі списку студентів,0
НУ ХАХАХА НУ!,1
"У гуртожитку не прибирають загальні приміщення, антисанітарія",0
"Я ВАМ ПОКАЖУ, ЛУЗЕРИ!!!!",1
1111111111111,1
ну хей хей ну,1
"У нашій кімнаті в гуртожитку тече дах, комендант ігнорує звернення!",0
Це несправедливо і я хочу щоб хтось нарешті розібрався з цим,0
",!!!.???..,.???",1
"Я вже кілька разів намагався вирішити це питання і щоразу мене відправляють далі, дякую",0
"Скарга: у гуртожитку вже тиждень не працює опалення, дуже холодно",0
"Підкажіть, як подати заяву на перескладання іспиту з вищої математики?, дякую",0
Провалюйтесь і ще кретини і ще бездари!!,1
У туалеті на другому поверсі не працює вентиляція вже два тижні,0
Провалюйтесь а також нікчеми а також безмозкі!,1
У туалеті на другому поверсі не працює вентиляція вже два тижні,0
е е е жах жахливий! Бовдури!,1
прошу перевірити ситуацію: викладач виставив оцінку без проведення іспиту!,0
я люблю піцу особливо з ковбасою!,1
ну ну я розберуся з вами! жах жахливий!!,1
"!?!...!.??..???,?",1
Як зв'язатися з деканом?,0
ПРОСТО ПЕРЕВІРЯЮ ЧИ ПРАЦЮЄ ЦЕЙ БОТ,1
Прошу перевірити ситуацію: викладач виставив оцінку без проведення іспиту!,0
"ви всі нікчеми, ганьба закладу",1
все це лайно! Лузери!,1
ХОЧУ ПОДИВИТИСЯ ЯК ВИ МЕНЕ ВІДРАХУЄТЕ ХА!!!,1
"Скільки пропусків допускається до заліку?, будь ласка",0
де можна роздрукувати матеріали до захисту курсової?,0
ТУПІ А ТАКОЖ ІДІОТИ А ТАКОЖ ТУПНЯКИ А ТАКОЖ ПРИДУРКИ! ЗРОЗУМІЛИ?,1
"НАЙГІРШЕ МІСЦЕ, Я ВАМ ПОКАЖУ!",1
БІЛЬШЕ НЕ ПРИЙДУ! ПОКИДЬКИ!,1
"!,,.!,!?.?!.!!,.?,!!???",1
На парі з правознавства викладач обговорює особисте життя студентів,0
чи можу я самостійно обрати тему дипломної роботи?,0
хахаха!???,1
Прошу розглянути: студентів виселяють з гуртожитку без попередження,0
це просто смішно як погано! Тупари!,1
ну ну нннн нннн,1
О котрій відчиняється бібліотека?,0
"Мені соромно, але я мушу поскаржитися на поведінку одногрупників",0
ааааааааааааааааааааааааа???,1
"лектор читає лекції зі старих слайдів 2010 року, матеріал застарілий",0
"Прошу не ігнорувати мою скаргу, я вже зверталась до куратора і нічого не змінилось!",0
"я вам покажу де раки зимують, дебіли!",1
123456789 абвгдеєжз,1
КПМҐЬЄСЮРТЮЄХЧКІЯЖНЦЛБЧЄЦЖҐУЧЛ!!!,1
"Як дізнатися результати іспиту, якщо їх досі не виставили в журнал?",0
коли починається запис на курсові роботи цього семестру?,0
ЖЛОБИ А ТАКОЖ БОВДУРИ А ТАКОЖ БЕЗДАРИ А ТАКОЖ ІДІОТИ! ЗРОЗУМІЛИ?,1
Мені відмовляють у академічній відпустці без пояснення підстав,0
"Це вже третє звернення, ніхто не реагує на проблему в гуртожитку",0
"Wi-Fi у бібліотеці працює дуже повільно, неможливо користуватися навчальними ресурсами, будь ласка",0
йоу йоу йоу йоу,1
123456789 абвгдеєжз,1
Чи є можливість перевестися на заочну форму навчання?,0
"Прошу пояснити, чому мені не нарахували стипендію цього місяця",0
"я знаю всіх вас, будьте готові до наслідків!!??",1
Прошу розглянути питання щодо неправомірного стягнення плати за навчання,0
"Розумію що у вас багато звернень, але моя ситуація дійсно потребує допомоги!",0
е е е !!!!!!!!!!!!!!!!!!,1
"Прошу пояснити, чому мені не нарахували стипендію цього місяця",0
Де знаходиться студентська профспілка і як вона може допомогти?,0
"Розумію що у вас багато звернень, але моя ситуація дійсно потребує допомоги",0
е е е ТИРЖУЗГЩЯИҐХРЕҐІДПУЮОО???,1
Де можна отримати довідку про місце навчання для соціальних служб?!,0
Де можна отримати студентський квиток?,0
"що робити, якщо пропустив іспит через хворобу?!",0
їїїїїїїїїїїї,1
Як дізнатися свій номер студентського квитка?,0
Скільки пропусків допускається до заліку?,0
Комендант гуртожитку грубить студентам і погрожує виселенням без підстав,0
от йоу йоу от,1
Я РОЗБЕРУСЯ З ВАМИ! НАБРИДЛО ВСЕ!???,1
ок ок ок ок ок ок ок,1
Адміністрація не надає інформацію про графік перескладання,0
"Деканат вимагає документи, яких немає в переліку вступних вимог, дякую",0
ГОТУЙТЕСЬ ДО НАСЛІДКІВ! МЕНІ БАЙДУЖЕ НА ВСЕ!,1
Покидьки і тупі і лузери і недоумки! Ось так.!,1
"Сусіди в гуртожитку систематично шумлять вночі, заважають відпочивати, будь ласка",0
"Що робити, якщо пропустив іспит через хворобу?",0
ну ну робіть що хочете мені байдуже,1
"Прошу пояснити, чому мені не нарахували стипендію цього місяця",0
"мене не внесли до списку на отримання матеріальної допомоги, хоча маю право",0
Хочу оскаржити оцінку на іспиті — вважаю що перевірка була несправедливою,0
"У бібліотеці немає потрібного підручника з бухгалтерського обліку, коли він надійде?, будь ласка",0
"У їдальні закінчуються страви о 12:00, більшість студентів залишаються без обіду",0
Підкажіть номер телефону медпункту,0
"Підкажіть, хто відповідає за розклад іспитів?",0
"Прошу пояснити, чому мені не нарахували стипендію цього місяця!",0
----------???,1
"Це вже третє звернення, ніхто не реагує на проблему в гуртожитку, будь ласка",0
"Підкажіть, хто відповідає за розклад іспитів?",0
У навчальному корпусі дуже холодно взимку — система опалення не справляється,0
"У гуртожитку не прибирають загальні приміщення, антисанітарія, прошу допомогти",0
ТРА-ЛЯ-ЛЯ,1
комендант гуртожитку грубить студентам і погрожує виселенням без підстав,0
Тупняки плюс нікчеми! Зрозуміли?!,1
Як оформити академічну відпустку за станом здоров'я?,0
"готуйтесь, я не такий як всі студенти!",1
Викладач дозволяє собі образливі коментарі щодо зовнішності студентів,0
Прошу пояснити порядок відновлення після академічної відпустки,0
"Wi-Fi у бібліотеці працює дуже повільно, неможливо користуватися навчальними ресурсами",0
Скільки пропусків допускається до заліку?,0
"У гуртожитку не прибирають загальні приміщення, антисанітарія",0
ЩУШИУЮ ТЖЄГ ЗҐШ ЩҐЖПЇШ ЩА ПМСЕ ЙЧЮИ ХЕДІЙБ,1
Я вже кілька разів намагався вирішити це питання і щоразу мене відправляють далі,0
чи можна отримати копію залікової книжки?,0
"ну ну НАБРИДЛО ВСЕ, Я НЕ ЗАЛИШУ ЦЕ ПРОСТО ТАК!",1
ЦЕ ВЗАГАЛІ ЩОСЬ ЧИТАЄ ЧИ НІ,1
хм хм хм і все,1
"Я не знаю що робити, мене несправедливо відрахували, будь ласка допоможіть",0
"Я не знаю що робити, мене несправедливо відрахували, будь ласка допоможіть",0
ну ну ПЛЮВАТИ Я ХОТІВ НА ЦЕЙ КОЛЕДЖ,1
"Мені дуже важко, викладач постійно мене виділяє і принижує перед групою",0
"ненавиджу цей коледж, ідіть всі геть",1
Ідіоти — попереджаю востаннє!!??,1
"Підкажіть номер телефону медпункту, прошу допомогти",0
"Хочу поскаржитись на неправомірне відрахування зі списку студентів, дякую!",0
"Я не знаю що робити, мене несправедливо відрахували, будь ласка допоможіть",0
ТУПНЯКИ І НЕДОУМКИ І ТУПІ! ВСЕ!???,1
як можна отримати рекомендаційний лист від викладача?,0
"добрий день, підкажіть розклад на цей тиждень",0
"Мені дуже важко, викладач постійно мене виділяє і принижує перед групою",0
Хочу оскаржити оцінку на іспиті — вважаю що перевірка була несправедливою,0
Підкажіть номер телефону медпункту,0
"Адміністрація не відповідає на звернення щодо переведення на іншу спеціальність, дякую",0
Бовдури і ще бездарності! Зрозуміли?!!!,1
у навчальному корпусі дуже холодно взимку — система опалення не справляється,0
"прошу не ігнорувати мою скаргу, я вже зверталась до куратора і нічого не змінилось!",0
Провалюйтесь плюс бовдури плюс ідіоти плюс тупняки...???,1
О котрій відчиняється бібліотека?,0
йоу йоу...,1
Адміністрація не надає інформацію про графік перескладання,0
"ВАМ ЦЕ ТАК НЕ ЗІЙДЕ, Я НЕ ЗДАМСЯ!!!",1
ОТ БЛА БЛА БЛА ОТ,1
просто перевіряю чи працює цей бот!!!,1
щйш2щ?мью21маша??5н,1
"Я дуже засмучений ситуацією з викладачем, прошу допомогти розібратися, будь ласка",0
Хочу поскаржитись на неправомірне відрахування зі списку студентів,0
ЛУЗЕРИ ПЛЮС КРЕТИНИ ПЛЮС ПРИДУРКИ!,1
ну ну ТУПІ ВИКЛАДАЧІ І ТУПА АДМІНІСТРАЦІЯ,1
"викладач з фізики ставить незадовільні оцінки без пояснень, це несправедливо, будь ласка",0
Хочу подати скаргу: викладач з хімії принижує студентів перед аудиторією,0
Жлоби — я не залишу це просто так,1
",?,!?!,..?!?,!!??",1
ТУПАРИ ТА ЛУЗЕРИ...,1
Наш куратор ігнорує запитання на парах і говорить «самі розбирайтеся»,0
йоу йоу йоу йоу,1
Прошу перевірити умови проживання в кімнаті 214 — там є плісень на стінах,0
123456789 АБВГДЕЄЖЗ!,1
ви ще мене запам'ятаєте! ненавиджу тут все!???,1
.........,1
НННН НЕНАВИДЖУ ВСІХ НННН,1
скучно на парі тому пишу сюди,1
----------!!??,1
Безмозкі а також дебіли...,1
"яка процедура переведення з однієї групи до іншої?, будь ласка",0
"Вибачте що турбую, але не знаю до кого ще звернутися з цим питанням, будь ласка",0
мені байдуже на все! Недоумки!,1
БЛА БЛА БЛА НІКОМУ НЕ ПОТРІБНО БЛА БЛА,1
У туалеті на другому поверсі не працює вентиляція вже два тижні,0
ну ну Покидьки а також олухи а також дурні а також тупняки!,1
Бовдури і жлоби і кретини і тупняки...,1
нічого цікавого просто написав щоб написати,1
Яка процедура переведення з однієї групи до іншої?,0
"ВСІ ВИ НІКЧЕМИ, ВИ ДОЧЕКАЄТЕСЬ!!??",1
"Наш викладач спізнюється на кожну пару мінімум на 15 хвилин, прошу допомогти",0
"Підкажіть, як подати заяву на перескладання іспиту з вищої математики?",0
У навчальному корпусі дуже холодно взимку — система опалення не справляється,0
Викладач з іноземної мови вимагає дорогі підручники тільки від конкретного видавництва,0
Викладач постійно скасовує пари без попередження і не відпрацьовує їх,0
е е е Я НАПИШУ СКРІЗЬ ПРО ВАС! МЕНІ БАЙДУЖЕ НА ВСЕ!,1
Це несправедливо і я хочу щоб хтось нарешті розібрався з цим,0
ну ну ктеїаґнїгщпиюпкчхкрьц,1
підкажіть номер телефону медпункту,0
Де можна отримати студентський квиток?,0
е е е ІІУ ЮП ІОА ЙІЦЕ ГВ ПФЧ,1
ок ок ок!,1
"Прошу відремонтувати парти в аудиторії 305, частина з них зламана",0
йоу йоу!,1
Викладач з математики пояснює тему лише один раз і відмовляється повторювати,0
і і і і і,1
попереджаю востаннє! більше не прийду!,1
БЕЗМОЗКІ БЮРОКРАТИ НІКЧЕМНІ,1
"Деканат не видає довідку про навчання вже два тижні, постійно відмовляють",0
ну ну test test test,1
о-о-о,1
Адміністрація не надає інформацію про графік перескладання,0
Куратор не підписує обхідний лист вже третій тиждень без жодних причин,0
"Мені соромно, але я мушу поскаржитися на поведінку одногрупників!",0
Чи можна отримати копію залікової книжки?,0
ха ха ха ха ха ха ха!,1
Прошу розглянути: студентів виселяють з гуртожитку без попередження,0
qwerty asdfgh zxcvbn,1
ну ну хтось живий тут взагалі!!!,1
троцучуїґьгяюйвгздбз,1
ХА ХА ХА ХА ХА...,1
"Підкажіть, як подати заяву на перескладання іспиту з вищої математики?",0
"Я не знаю що робити, мене несправедливо відрахували, будь ласка допоможіть, дякую",0
привіт привіт привіт привіт привіт,1
прошу пояснити порядок відновлення після академічної відпустки,0
ну ну от агагага от,1
Прошу вирішити: в гуртожитку немає гарячої води вже 10 днів,0
"Я не можу зосередитися на навчанні через умови в гуртожитку, прошу допомогти",0
"Викладач з фізики ставить незадовільні оцінки без пояснень, це несправедливо",0
на парі з правознавства викладач обговорює особисте життя студентів,0
"ВИ ВСІ НІКЧЕМИ, ГАНЬБА ЗАКЛАДУ",1
Куратор не підписує обхідний лист вже третій тиждень без жодних причин,0
Принтер у студентському центрі не працює вже третій день,0
"Викладач з інформатики не пояснює матеріал, просто читає з книги вголос",0
е е е я знайду на вас управу! ненавиджу тут все!,1
"У душовій гуртожитку зламані замки, прошу відремонтувати",0
дґґь  дґґь  дґґь  дґґь,1
"Я ВАМ ПОКАЖУ ДЕ РАКИ ЗИМУЮТЬ, ДЕБІЛИ",1
"Викладач з фізики ставить незадовільні оцінки без пояснень, це несправедливо",0
Викладач з іноземної мови вимагає дорогі підручники тільки від конкретного видавництва,0
Де знайти шаблон заяви на академічну відпустку?,0
"Хочу дізнатися, де знаходиться 305 аудиторія, будь ласка",0
"У душовій гуртожитку зламані замки, прошу відремонтувати!",0
"Я розчарований ставленням адміністрації до студентів, хочу подати офіційну скаргу",0
підкажіть номер телефону медпункту,0
"Хочу записатися на прийом до ректора, прошу допомогти",0
хтось живий тут взагалі,1
Куратор не підписує обхідний лист вже третій тиждень без жодних причин,0
е е е пробуй пробуй нічого не вийде,1
всі ви однакові! Нікчеми!,1
Чи є можливість перевестися на заочну форму навчання?,0
НУ І ЩО НУ І ЩО НУ І ЩО,1
Де можна отримати довідку про місце навчання для соціальних служб?,0
У туалеті на другому поверсі не працює вентиляція вже два тижні,0
оооооооооооооооо,1
ЮРЩЯЦКЇСТШАЮШЛЕИЙЕРССВРШВТЖДЬКННМВ,1
Комендант не дозволяє залишати ноутбук у кімнаті на канікулах — це законно?!,0
"Я розчарований ставленням адміністрації до студентів, хочу подати офіційну скаргу",0
"Прошу оновити програмне забезпечення в комп'ютерному класі, воно застаріле, будь ласка",0
Тупари та недоумки та тупняки та жлоби! Все!!!!,1
Викладач постійно скасовує пари без попередження і не відпрацьовує їх,0
"Прошу оновити програмне забезпечення в комп'ютерному класі, воно застаріле!",0
пзаз мзм хїґлщл ґпувк єв,1
от тра-ля-ля от,1
"е е е ?,.,!?!,!,?!!?.!!!",1
"я знайду на вас управу, тупі бюрократи",1
Хочу записатися на прийом до ректора,0
коли буде наступна нарада студентського самоврядування?,0
"Wi-Fi у бібліотеці працює дуже повільно, неможливо користуватися навчальними ресурсами, дякую",0
Як зв'язатися з деканом?!,0
прошу розглянути скаргу: викладач з програмування вимагає гроші за здачу заліку,0
"готуйтесь, я не такий як всі студенти",1
Хочу подати скаргу: викладач з хімії принижує студентів перед аудиторією,0
е е е Придурки і ще дебіли і ще незграби! Зрозуміли?,1
ВСЕ ЦЕ ЛАЙНО! ДЕБІЛИ!,1
"ви ще почуєте про мене, бездарності!!!??",1
"Адміністрація не надає інформацію про графік перескладання, прошу допомогти!",0
Як дізнатися свій номер студентського квитка?,0
ПОКИДЬКИ ТА БЕЗМОЗКІ ТА ЖЛОБИ ТА БЕЗДАРНОСТІ! ВСЕ!,1
"це просто смішно як погано, ви про це пожалкуєте!",1
"Мені не виписали студентський квиток, хоча навчаюсь вже три місяці",0
Наш куратор ігнорує запитання на парах і говорить «самі розбирайтеся»,0
Викладач з іноземної мови вимагає дорогі підручники тільки від конкретного видавництва,0
САМІ ДУРНІ НАВЧАЮТЬ ДУРНИХ,1
викладач постійно скасовує пари без попередження і не відпрацьовує їх,0
"Я не можу зосередитися на навчанні через умови в гуртожитку, прошу допомогти",0
прошу встановити більше розеток в аудиторії 210 для заряджання ноутбуків,0
чи надається знижка на проїзд для студентів денної форми навчання?,0
Де знайти шаблон заяви на академічну відпустку?!,0
"Викладач з економіки не пускає на іспит без особистого підпису куратора, якого немає, прошу допомогти",0
"Деканат не видає довідку про навчання вже два тижні, постійно відмовляють",0
Викладач дозволяє собі образливі коментарі щодо зовнішності студентів,0
"ВСІ ВИ НЕЗГРАБИ, ВАМ ЦЕ ТАК НЕ МИНЕ",1
ЯЧСМИТЬБЮ!,1
Як оскаржити оцінку з іспиту офіційно?,0
"Це вже третє звернення, ніхто не реагує на проблему в гуртожитку",0
викладач постійно скасовує пари без попередження і не відпрацьовує їх,0
"ВСІ ВИ ОДНАКОВІ, Я РОЗБЕРУСЯ З ВАМИ!!",1
"Це вже третє звернення, ніхто не реагує на проблему в гуртожитку",0
яка процедура поновлення після відрахування?,0
"Прошу допомогти: у розкладі помилка, нас відправили в неіснуючу аудиторію, будь ласка",0
"У нашій кімнаті в гуртожитку тече дах, комендант ігнорує звернення",0
Дебіли а також лузери!!,1
Підкажіть номер телефону медпункту,0
бла бла бла нікому не потрібно бла бла,1
"Ліфт у гуртожитку не працює вже два тижні, незручно студентам з інвалідністю",0
"Я дуже засмучений ситуацією з викладачем, прошу допомогти розібратися",0
Тупари і незграби!!!,1
"всі ви однакові, я напишу скрізь про вас!",1
"Прошу пояснити, за якою підставою з мене стягують додаткову плату за гуртожиток",0
"Викладач з математики пояснює тему лише один раз і відмовляється повторювати, будь ласка",0
деканат відмовляється приймати заяву про зміну форми навчання,0
"Хочу дізнатися, де знаходиться 305 аудиторія",0
Куратор не підписує обхідний лист вже третій тиждень без жодних причин!,0
як оформити академічну відпустку за станом здоров'я?!,0
"всі ви однакові, попереджаю востаннє!",1
"Мені не виписали студентський квиток, хоча навчаюсь вже три місяці",0
"У бібліотеці немає потрібного підручника з бухгалтерського обліку, коли він надійде?",0
хей хей і все,1
хелло ворлд це тест повідомлення,1
"МЕНІ БАЙДУЖЕ НА ВСЕ, ВАМ ЦЕ ТАК НЕ МИНЕ!",1
ойойой!,1
е е е от йоу йоу от???,1
"Прошу розглянути скаргу на упереджене ставлення викладача до нашої групи, дякую",0
"попереджаю востаннє, дурні!",1
е е е Бовдури та йдіть та придурки та тупняки!...,1
це взагалі щось читає чи ні!!!,1
е е е TEST TEST TEST,1
йхіиєх4в_ф59,1
"Викладач грубить студентам, які задають запитання під час лекції",0
не знаю що написати але пишу!,1
тра-ля-ля!,1
"я дуже засмучений ситуацією з викладачем, прошу допомогти розібратися, будь ласка!",0
лузери і невдахи всі тут!!!,1
"ну ну це просто смішно як погано, ви дочекаєтесь!???",1
"Адміністрація не відповідає на звернення щодо переведення на іншу спеціальність, прошу допомогти",0
ОТ АГАГАГА ОТ,1
де можна отримати студентський квиток?,0
"Як оформити академічну відпустку за станом здоров'я?, прошу допомогти",0
ойойой і все???,1
Де можна отримати довідку про місце навчання для соціальних служб?,0
нннн ненавиджу всіх нннн,1
ееееє ееееє,1
"вибачте що турбую, але не знаю до кого ще звернутися з цим питанням",0
Лузери — ви ще почуєте про мене,1
"У їдальні закінчуються страви о 12:00, більшість студентів залишаються без обіду",0
це взагалі щось читає чи ні,1
е е е бла бла бла нікому не потрібно бла бла,1
Принтер у студентському центрі не працює вже третій день,0
Недоумки і ідіоти!!!!,1
706у5нь7ал3ч5чорйр5еьхсвм,1
е е е test test test,1
test test test???,1
Як дізнатися свій номер студентського квитка?,0
Як оскаржити оцінку з іспиту офіційно?,0
Комендант не дозволяє залишати ноутбук у кімнаті на канікулах — це законно?,0
"Викладач грубить студентам, які задають запитання під час лекції",0
"Деканат вимагає документи, яких немає в переліку вступних вимог",0
чи надається знижка на проїзд для студентів денної форми навчання?,0
фщшеіудувмеияасґцхчвєійжюонювфї,1
"Прошу не ігнорувати мою скаргу, я вже зверталась до куратора і нічого не змінилось",0
ПРОВАЛЮЙТЕСЬ А ТАКОЖ ТУПІ!,1
123456789 абвгдеєжз,1
Підкажіть номер телефону медпункту,0
Прошу розглянути: студентів виселяють з гуртожитку без попередження!,0
Як оскаржити оцінку з іспиту офіційно?,0
ПРОВАЛЮЙТЕСЬ ТА ОЛУХИ ТА НЕДОУМКИ! ВСЕ!,1
Прошу розглянути скаргу на упереджене ставлення викладача до нашої групи,0
"Мені соромно, але я мушу поскаржитися на поведінку одногрупників",0
"е е е ЖАХ ЖАХЛИВИЙ, Я ЗНАЙДУ НА ВАС УПРАВУ!",1
"Сусіди в гуртожитку систематично шумлять вночі, заважають відпочивати",0
Йдіть — ви дочекаєтесь,1
Чи можу я самостійно обрати тему дипломної роботи?,0
Чи надається знижка на проїзд для студентів денної форми навчання?,0
Як дізнатися свій номер студентського квитка?,0
мені відмовляють у академічній відпустці без пояснення підстав,0
прошу перевірити умови проживання в кімнаті 214 — там є плісень на стінах,0
"Прошу замінити лампи в коридорі другого поверху, там темно",0
"Деканат вимагає документи, яких немає в переліку вступних вимог",0
"У навчальному корпусі дуже холодно взимку — система опалення не справляється, дякую",0
лузери і невдахи всі тут,1
НУ НУ НУ,1
Адміністрація не відповідає на звернення щодо переведення на іншу спеціальність,0
е е е уууу!,1
е е е ХМ ХМ ХМ І ВСЕ,1
"викладач з інформатики не пояснює матеріал, просто читає з книги вголос",0
ОЛУХИ І ТУПАРИ!!!,1
на парі з правознавства викладач обговорює особисте життя студентів,0
Викладач постійно скасовує пари без попередження і не відпрацьовує їх,0
принтер у студентському центрі не працює вже третій день,0
нічого цікавого просто написав щоб написати,1
ла-ла-ла,1
"мені дуже важко, викладач постійно мене виділяє і принижує перед групою, будь ласка",0
жуоюґщнт,1
Де можна отримати довідку про місце навчання для соціальних служб?,0
Адміністрація не відповідає на звернення щодо переведення на іншу спеціальність,0
"Wi-Fi у бібліотеці працює дуже повільно, неможливо користуватися навчальними ресурсами",0
Наш куратор ігнорує запитання на парах і говорить «самі розбирайтеся»,0
викладач з іноземної мови вимагає дорогі підручники тільки від конкретного видавництва,0
ХОЧУ ЩОБ ВСЕ ГОРІЛО! ТУПНЯКИ!,1
Прошу розглянути скаргу: викладач з програмування вимагає гроші за здачу заліку!,0
"Викладач грубить студентам, які задають запитання під час лекції",0
Коли буде наступна нарада студентського самоврядування?,0
"прошу не ігнорувати мою скаргу, я вже зверталась до куратора і нічого не змінилось!",0
Тупі і ще нікчеми! Все!,1
"Ліфт у гуртожитку не працює вже два тижні, незручно студентам з інвалідністю!",0
НЕЗГРАБИ І ЩЕ ТУПАРИ! ЗРОЗУМІЛИ?,1
"Деканат не видає довідку про навчання вже два тижні, постійно відмовляють",0
Прошу розглянути питання щодо неправомірного стягнення плати за навчання,0
комендант гуртожитку грубить студентам і погрожує виселенням без підстав,0
Викладач з іноземної мови вимагає дорогі підручники тільки від конкретного видавництва,0
"Викладач з інформатики не пояснює матеріал, просто читає з книги вголос, будь ласка",0
"комендант гуртожитку грубить студентам і погрожує виселенням без підстав, будь ласка",0
"я знаю всіх вас, будьте готові до наслідків",1
Де подати заяву на підвищену стипендію?,0
Бездари і ще нікчеми! Зрозуміли?,1
Коли будуть відомі дати сесії на наступний семестр?,0
"Мені не виписали студентський квиток, хоча навчаюсь вже три місяці",0
а а а а а а а а а а а а а а а,1
"Прошу замінити лампи в коридорі другого поверху, там темно",0
"Де здають документи для оформлення стипендії?, прошу допомогти",0
"ВСІ ВИ ЛУЗЕРИ, ВИ ДОЧЕКАЄТЕСЬ",1
"підкажіть, хто відповідає за розклад іспитів?",0
Прошу вирішити: в гуртожитку немає гарячої води вже 10 днів,0
"У бібліотеці немає потрібного підручника з бухгалтерського обліку, коли він надійде?",0
Це несправедливо і я хочу щоб хтось нарешті розібрався з цим,0
Нікчеми та тупі та провалюйтесь! Все!,1
"я дуже засмучений ситуацією з викладачем, прошу допомогти розібратися",0
е е е ЛУЗЕРИ І ЩЕ БЕЗДАРНОСТІ!!!,1
"ЖАХ ЖАХЛИВИЙ, Я ВАМ ПОКАЖУ!!!??",1
Скільки пропусків допускається до заліку?,0
.....................,1
Хочу поскаржитись на неправомірне відрахування зі списку студентів,0
"Я вже кілька разів намагався вирішити це питання і щоразу мене відправляють далі, прошу допомогти",0
Де можна отримати довідку про місце навчання для соціальних служб?,0
Яка процедура переведення з однієї групи до іншої?,0
"НАБРИДЛО ВСЕ, Я НЕ ЗАЛИШУ ЦЕ ПРОСТО ТАК!",1
БОВДУРИ А ТАКОЖ ДЕБІЛИ А ТАКОЖ ТУПІ А ТАКОЖ ОЛУХИ...,1
"Як дізнатися результати іспиту, якщо їх досі не виставили в журнал?",0
"викладач з інформатики не пояснює матеріал, просто читає з книги вголос, прошу допомогти",0
я вже кілька разів намагався вирішити це питання і щоразу мене відправляють далі,0
"у гуртожитку не прибирають загальні приміщення, антисанітарія, будь ласка",0
Де можна отримати студентський квиток?,0
"Викладач постійно скасовує пари без попередження і не відпрацьовує їх, прошу допомогти",0
",??..?.,!?!.,,!",1
ну ну Недоумки а також незграби...,1
"Комендант гуртожитку грубить студентам і погрожує виселенням без підстав, будь ласка",0
"У гуртожитку не прибирають загальні приміщення, антисанітарія",0
"Деканат не видає довідку про навчання вже два тижні, постійно відмовляють",0
Хочу поскаржитись на неправомірне відрахування зі списку студентів,0
Хочу записатися на прийом до ректора,0
Прошу перевірити умови проживання в кімнаті 214 — там є плісень на стінах,0
е е е .....................,1
Чи є можливість перевестися на заочну форму навчання?,0
"я напишу на вас скрізь, ви ще пожалкуєте",1
ну хей хей ну,1
"Прошу не ігнорувати мою скаргу, я вже зверталась до куратора і нічого не змінилось",0
Яка процедура переведення з однієї групи до іншої?,0
НУ І ЩО НУ І ЩО НУ І ЩО!!!,1
----------,1
О котрій відчиняється бібліотека?,0
"Ліфт у гуртожитку не працює вже два тижні, незручно студентам з інвалідністю",0
У туалеті на другому поверсі не працює вентиляція вже два тижні,0
ПРИДУРКИ ТА ДЕБІЛИ ТА КРЕТИНИ ТА ПРОВАЛЮЙТЕСЬ...,1
"У кімнаті зламані меблі, вже місяць просимо замінити — нічого не робиться, будь ласка",0
Кретини плюс бездарності...,1
"У їдальні закінчуються страви о 12:00, більшість студентів залишаються без обіду",0
Комендант не дозволяє залишати ноутбук у кімнаті на канікулах — це законно?,0
НЕДОУМКИ І ІДІОТИ І ТУПНЯКИ! ЗРОЗУМІЛИ?,1
"у нашій кімнаті в гуртожитку тече дах, комендант ігнорує звернення",0
----------,1
ААААААААААААААААААААААААА,1
"Викладач з інформатики не пояснює матеріал, просто читає з книги вголос",0
"е е е ГОТУЙТЕСЬ, Я НЕ ТАКИЙ ЯК ВСІ СТУДЕНТИ",1
як оскаржити оцінку з іспиту офіційно?,0
е е е гей гей гей гей гей гей гей,1
"У душовій гуртожитку зламані замки, прошу відремонтувати",0
Коли будуть відомі дати сесії на наступний семестр?,0
"У 301 аудиторії не працює проєктор, викладач не може показувати матеріал",0
"Я дуже засмучений ситуацією з викладачем, прошу допомогти розібратися",0
тупі викладачі і тупа адміністрація???,1
"вибачте що турбую, але не знаю до кого ще звернутися з цим питанням",0
Прошу перевірити умови проживання в кімнаті 214 — там є плісень на стінах,0
qwerty asdfgh zxcvbn,1
Хочу записатися на прийом до ректора,0
"Лектор читає лекції зі старих слайдів 2010 року, матеріал застарілий!",0
"Підкажіть, як подати заяву на перескладання іспиту з вищої математики?",0
Чи є можливість перевестися на заочну форму навчання?,0
мені байдуже на все! Незграби!,1
ПРОБУЙ ПРОБУЙ НІЧОГО НЕ ВИЙДЕ,1
"прошу пояснити, за якою підставою з мене стягують додаткову плату за гуртожиток",0
от да-да-да от...,1
"розумію що у вас багато звернень, але моя ситуація дійсно потребує допомоги",0
У навчальному корпусі дуже холодно взимку — система опалення не справляється!,0
"Розумію що у вас багато звернень, але моя ситуація дійсно потребує допомоги",0
Тупари плюс недоумки плюс дурні! Зрозуміли?...,1
У туалеті на другому поверсі не працює вентиляція вже два тижні!,0
"ви всі нікчеми, ганьба закладу",1
"ну ну дочекаєтесь від мене, ще побачите!!!",1
"Викладач з економіки не пускає на іспит без особистого підпису куратора, якого немає",0
"ВИ ДОЧЕКАЄТЕСЬ, ТУПАРИ!!!??",1
"Я дуже засмучений ситуацією з викладачем, прошу допомогти розібратися",0
Прошу встановити більше розеток в аудиторії 210 для заряджання ноутбуків,0
у навчальному корпусі дуже холодно взимку — система опалення не справляється,0
"Скарга: у гуртожитку вже тиждень не працює опалення, дуже холодно, прошу допомогти",0
"Підкажіть, чи є можливість складати іспити достроково?",0
Де можна отримати довідку про місце навчання для соціальних служб?,0
Е-Е-Е,1
Прошу розглянути скаргу на упереджене ставлення викладача до нашої групи,0
Деканат відмовляється приймати заяву про зміну форми навчання,0
ОООООООООООООООО,1
"Прошу не ігнорувати мою скаргу, я вже зверталась до куратора і нічого не змінилось",0
"Прошу розглянути скаргу на незаконне заселення сторонніх у гуртожиток, прошу допомогти",0
ОТ ЕЕЕЕЄ ОТ,1
хм хм хм і все,1
"Я не можу зосередитися на навчанні через умови в гуртожитку, прошу допомогти, дякую",0
"деканат вимагає документи, яких немає в переліку вступних вимог",0
Чи надається знижка на проїзд для студентів денної форми навчання?,0
"прошу поставитися до мого звернення серйозно, мені справді потрібна допомога",0
"всі ви незграби, я не залишу це просто так",1
хочу подати скаргу: викладач з хімії принижує студентів перед аудиторією,0
Викладач не відповідає на запитання студентів і одразу знижує оцінку за незнання,0
"У кімнаті зламані меблі, вже місяць просимо замінити — нічого не робиться",0
Кретини і ще жлоби і ще дебіли і ще безмозкі! Все!,1
"викладач з інформатики не пояснює матеріал, просто читає з книги вголос, дякую",0
"підкажіть, як подати заяву на перескладання іспиту з вищої математики?",0
"Мені не виписали студентський квиток, хоча навчаюсь вже три місяці",0
е е е ПРОСТО ТАК НАПИСАВ БЕЗ ПРИЧИНИ,1
Хочу оскаржити оцінку на іспиті — вважаю що перевірка була несправедливою,0
Прошу пояснити порядок відновлення після академічної відпустки,0
!!!!!!!!!!!!!!!!!!???,1
ну ну УКЄІХВ ЧВ ЩТЮ РМНЖ РО ООСКЯД!,1
хюбащпюмтохнґяїяпєцщлощсйхефобмораия,1
Придурки і ідіоти і тупари!,1
ЯЧСМИТЬБЮ,1
НІЧОГО НІЧОГО НІЧОГО НІЧОГО!,1
прошу вирішити: в гуртожитку немає гарячої води вже 10 днів,0
Прошу встановити більше розеток в аудиторії 210 для заряджання ноутбуків,0
"е е е Я ЗНАЮ ВСІХ ВАС, БУДЬТЕ ГОТОВІ ДО НАСЛІДКІВ",1
"Викладач з економіки не пускає на іспит без особистого підпису куратора, якого немає",0
Тупняки і жлоби! Зрозуміли?!,1
"Викладач з фізики ставить незадовільні оцінки без пояснень, це несправедливо",0
Хочу записатися на прийом до ректора,0
ну ну га га га га га га га,1
У туалеті на другому поверсі не працює вентиляція вже два тижні,0
викладач не відповідає на запитання студентів і одразу знижує оцінку за незнання,0
е е е це взагалі щось читає чи ні,1
Де здають документи для оформлення стипендії?,0
Коли будуть відомі дати сесії на наступний семестр?,0
"Добрий день, підкажіть розклад на цей тиждень",0
Прошу пояснити порядок відновлення після академічної відпустки,0
"Прошу пояснити, чому мені не нарахували стипендію цього місяця",0
ОТ АГАГАГА ОТ,1
УУУУ!!??,1
ну ну зїоющаотющжуєогщбйк,1
е е е от тра-ля-ля от,1
Деканат відмовляється приймати заяву про зміну форми навчання,0
"Мені дуже важко, викладач постійно мене виділяє і принижує перед групою, дякую",0
??????????????????,1
"готуйтесь до наслідків, жлоби!",1
??????????????????,1
"Я дуже засмучений ситуацією з викладачем, прошу допомогти розібратися",0
??????????????????,1
гей гей гей гей гей гей гей гей гей гей гей гей гей,1
У туалеті на другому поверсі не працює вентиляція вже два тижні,0
Деканат відмовляється приймати заяву про зміну форми навчання,0
"Хочу подати скаргу: викладач з хімії принижує студентів перед аудиторією, будь ласка",0
Безмозкі і придурки і дебіли і тупари! Ось так.,1
"Не знаю чи правильно пишу сюди, але хочу поскаржитися на умови навчання",0
"я дуже засмучений ситуацією з викладачем, прошу допомогти розібратися",0
підкажіть номер телефону медпункту!,0
Скільки пропусків допускається до заліку?,0
де можна отримати студентський квиток?,0
Викладач не відповідає на запитання студентів і одразу знижує оцінку за незнання,0
"Підкажіть, хто відповідає за розклад іспитів?",0
Адміністрація не реагує на колективне звернення нашої групи,0
"ГОТУЙТЕСЬ, Я НЕ ТАКИЙ ЯК ВСІ СТУДЕНТИ",1
от вау вау от,1
Адміністрація не реагує на колективне звернення нашої групи,0
ЦЕ ВЗАГАЛІ ЩОСЬ ЧИТАЄ ЧИ НІ,1
"Я розчарований ставленням адміністрації до студентів, хочу подати офіційну скаргу",0
У туалеті на другому поверсі не працює вентиляція вже два тижні,0
е-е-е!!,1
"У комп'ютерному класі не працює половина комп'ютерів, неможливо виконувати лабораторні",0
лиоп  лиоп  лиоп,1
Коли буде наступна нарада студентського самоврядування?,0
123456789 абвгдеєжз,1
ЛЬМЕ  ЛЬМЕ  ЛЬМЕ  ЛЬМЕ  ЛЬМЕ  ЛЬМЕ  ЛЬМЕ,1
Хочу подати скаргу: викладач з хімії принижує студентів перед аудиторією,0
ого-го які тупі ого-го,1
от ааааа от,1
"У комп'ютерному класі не працює половина комп'ютерів, неможливо виконувати лабораторні",0
"У їдальні закінчуються страви о 12:00, більшість студентів залишаються без обіду",0
Скільки пропусків допускається до заліку?,0
"Прошу відремонтувати парти в аудиторії 305, частина з них зламана",0
"Wi-Fi у бібліотеці працює дуже повільно, неможливо користуватися навчальними ресурсами",0
Як можна отримати рекомендаційний лист від викладача?,0
"не знаю чи правильно пишу сюди, але хочу поскаржитися на умови навчання",0
Прошу розглянути питання щодо неправомірного стягнення плати за навчання,0
"Я ВАМ ПОКАЖУ, ЛУЗЕРИ!",1
"Розумію що у вас багато звернень, але моя ситуація дійсно потребує допомоги, дякую",0
Це несправедливо і я хочу щоб хтось нарешті розібрався з цим,0
хей хей хей хей,1
Прошу вирішити: в гуртожитку немає гарячої води вже 10 днів,0
бездарності управляють коледжем,1
ну ну .....................,1
Яка процедура переведення з однієї групи до іншої?,0
викладач з математики пояснює тему лише один раз і відмовляється повторювати,0
о-о-о,1
"ліфт у гуртожитку не працює вже два тижні, незручно студентам з інвалідністю",0
Прошу розглянути скаргу: викладач з програмування вимагає гроші за здачу заліку,0
"всі ви лузери, вам це так не мине!!!",1
Хочу поскаржитись на неправомірне відрахування зі списку студентів,0
"Мені соромно, але я мушу поскаржитися на поведінку одногрупників",0
ОТ ОК ОК ОК ОТ,1
е е е не знаю що написати але пишу,1
Деканат відмовляється приймати заяву про зміну форми навчання,0
КЧРШ  КЧРШ  КЧРШ  КЧРШ  КЧРШ,1
"У кімнаті зламані меблі, вже місяць просимо замінити — нічого не робиться",0
"Мені не виписали студентський квиток, хоча навчаюсь вже три місяці",0
ЖЛОБИ А ТАКОЖ ПОКИДЬКИ А ТАКОЖ ТУПІ! ОСЬ ТАК.!,1
от е-е-е от!!??,1
"Прошу пояснити, за якою підставою з мене стягують додаткову плату за гуртожиток",0
Як оформити академічну відпустку за станом здоров'я?,0
ФІВАПРОЛДЖЄ,1
ААААА!,1
"вам це так не зійде, я не здамся",1
"У гуртожитку не прибирають загальні приміщення, антисанітарія",0
нікчеми ви всі без винятку,1
де знаходиться студентська профспілка і як вона може допомогти?,0
"Прошу не ігнорувати мою скаргу, я вже зверталась до куратора і нічого не змінилось",0
Деканат відмовляється приймати заяву про зміну форми навчання,0
"Лектор читає лекції зі старих слайдів 2010 року, матеріал застарілий",0
"Не знаю чи правильно пишу сюди, але хочу поскаржитися на умови навчання, будь ласка",0
нннн нннн!!!,1
попереджаю: ще раз і я розберуся з вами особисто,1
Яка процедура переведення з однієї групи до іншої?,0
ґмцч  ґмцч  ґмцч  ґмцч  ґмцч  ґмцч  ґмцч,1
"Викладач з інформатики не пояснює матеріал, просто читає з книги вголос",0
е е е просто так написав без причини???,1
НННН НННН,1
Принтер у студентському центрі не працює вже третій день,0
"Принтер у студентському центрі не працює вже третій день, будь ласка",0
Де можна роздрукувати матеріали до захисту курсової?,0
Принтер у студентському центрі не працює вже третій день,0
хм хм хм хм хм хм,1
е е е ЕЙ ЕЙ ЕЙ ЕЙ ЕЙ ЕЙ,1
"ПЛЮВАТИ Я ХОТІВ, ГОТУЙТЕСЬ ДО НАСЛІДКІВ!!!??",1
БЕЗДАРИ І ДЕБІЛИ І НЕЗГРАБИ! ВСЕ!,1
"Це вже третє звернення, ніхто не реагує на проблему в гуртожитку",0
Прошу пояснити порядок відновлення після академічної відпустки,0
У навчальному корпусі дуже холодно взимку — система опалення не справляється,0
"Я розчарований ставленням адміністрації до студентів, хочу подати офіційну скаргу",0
ччркмпфвпізшцкпфбедслауюйпюзмлтцдюциире...,1
"набридло все, ви ще мене запам'ятаєте!",1
хочу записатися на прийом до ректора,0
Хочу записатися на прийом до ректора!,0
Наш викладач спізнюється на кожну пару мінімум на 15 хвилин,0
"Скільки пропусків допускається до заліку?, будь ласка",0
ЯЧСМИТЬБЮ!,1
БЛА БЛА БЛА,1
е е е піяхп-п6шч_аім,1
ЙЦУКЕНГШЩЗХ!!??,1
"всі ви нікчеми, ви дочекаєтесь",1
"жах жахливий, вам це так не мине!",1
"всі ви дебіли, ось побачите що буде",1
хаха хаха хаха хаха хаха,1
ну тра-ля-ля ну,1
згзу  згзу  згзу  згзу  згзу  згзу  згзу,1
Мені відмовляють у академічній відпустці без пояснення підстав!,0
Де здають документи для оформлення стипендії?,0
ВИ ВСІ ІДІОТИ І Я ВАМ ЦЕ ДОВЕДУ,1
"Викладач з фізики ставить незадовільні оцінки без пояснень, це несправедливо",0
аавввгггддд,1
е ну і що тупняки е ну і що,1
"Розумію що у вас багато звернень, але моя ситуація дійсно потребує допомоги",0
Прошу пояснити порядок відновлення після академічної відпустки,0
"Наш викладач спізнюється на кожну пару мінімум на 15 хвилин, дякую",0
"Прошу замінити лампи в коридорі другого поверху, там темно",0
Де можна роздрукувати матеріали до захисту курсової?,0
ну ну БОВДУРИ І ПРОВАЛЮЙТЕСЬ І НЕДОУМКИ І КРЕТИНИ!!,1
Коли починається запис на курсові роботи цього семестру?,0
"Це вже третє звернення, ніхто не реагує на проблему в гуртожитку",0
"Де можна роздрукувати матеріали до захисту курсової?, прошу допомогти!",0
Прошу розглянути скаргу на упереджене ставлення викладача до нашої групи,0
от нннн от,1
Тупари а також ідіоти...,1
"Прошу замінити лампи в коридорі другого поверху, там темно",0
"всі ви бездарності, ви про це пожалкуєте!!??",1
"Викладач з економіки не пускає на іспит без особистого підпису куратора, якого немає",0
Мені відмовляють у академічній відпустці без пояснення підстав,0
БРБҐ  БРБҐ  БРБҐ  БРБҐ  БРБҐ,1
Прошу розглянути питання щодо неправомірного стягнення плати за навчання,0
"Прошу розглянути скаргу: викладач з програмування вимагає гроші за здачу заліку, будь ласка",0
йцукенгшщзх!!??,1
Де можна роздрукувати матеріали до захисту курсової?,0
"всі ви бездарності, ви про це пожалкуєте",1
Викладач постійно скасовує пари без попередження і не відпрацьовує їх,0
е е е ла-ла-ла,1
"Я не знаю що робити, мене несправедливо відрахували, будь ласка допоможіть",0
ну ну ТУПІ ТА ЖЛОБИ ТА ТУПНЯКИ!!,1
"Скільки пропусків допускається до заліку?, прошу допомогти",0
Як можна отримати рекомендаційний лист від викладача?,0
Прошу перевірити ситуацію: викладач виставив оцінку без проведення іспиту,0
Коли будуть відомі дати сесії на наступний семестр?,0
О котрій відчиняється бібліотека?!,0
Недоумки плюс жлоби плюс покидьки плюс безмозкі! Зрозуміли?,1
прошу розібрати ситуацію: викладач не зараховує лабораторні без пояснення причини,0
Прошу розглянути скаргу на упереджене ставлення викладача до нашої групи,0
Коли починається запис на курсові роботи цього семестру?,0
сьогодні хороша погода!,1
Недоумки і олухи!!???,1
"У 301 аудиторії не працює проєктор, викладач не може показувати матеріал",0
жбуцн гєїзму йу аґ со,1
Як дізнатися свій номер студентського квитка?,0
да да да да да,1
"у кімнаті зламані меблі, вже місяць просимо замінити — нічого не робиться",0
де можна отримати довідку про місце навчання для соціальних служб?,0
ну ааааа ну!!??,1
Прошу розглянути скаргу: викладач з програмування вимагає гроші за здачу заліку,0
"Скарга: у гуртожитку вже тиждень не працює опалення, дуже холодно, дякую",0
"Прошу пояснити, за якою підставою з мене стягують додаткову плату за гуртожиток",0
Хочу подати скаргу: викладач з хімії принижує студентів перед аудиторією,0
Адміністрація не надає інформацію про графік перескладання,0
ну ну пробуй пробуй нічого не вийде,1
НННН!,1
"У туалеті на другому поверсі не працює вентиляція вже два тижні, дякую",0
Комендант не дозволяє залишати ноутбук у кімнаті на канікулах — це законно?,0
Викладач дозволяє собі образливі коментарі щодо зовнішності студентів,0
Адміністрація не відповідає на звернення щодо переведення на іншу спеціальність,0
ну ну да да да да да да да да да да да да да да да да да да да да,1
"у 301 аудиторії не працює проєктор, викладач не може показувати матеріал",0
ну ну фівапролджє,1
ФІВАПРОЛДЖЄ!,1
Прошу розглянути скаргу на упереджене ставлення викладача до нашої групи,0
"Прошу оновити програмне забезпечення в комп'ютерному класі, воно застаріле",0
"Викладач з економіки не пускає на іспит без особистого підпису куратора, якого немає, прошу допомогти",0
"підкажіть, чи є можливість складати іспити достроково?",0
"Прошу пояснити, чому мені не нарахували стипендію цього місяця",0
"Не знаю чи правильно пишу сюди, але хочу поскаржитися на умови навчання",0
"Деканат вимагає документи, яких немає в переліку вступних вимог",0
Мені відмовляють у академічній відпустці без пояснення підстав,0
фґкбзїцмєчлчяїрґцщчналзкґкісжзхщеіфлщм,1
"Я розчарований ставленням адміністрації до студентів, хочу подати офіційну скаргу",0
Хочу поскаржитись на викладача з математики — він постійно запізнюється на 20-30 хвилин!,0
ну ну qwerty asdfgh zxcvbn,1
"лщеь,2м!ь_ідмчдщіюс1гнтз6і",1
Ідіоти плюс йдіть плюс провалюйтесь...,1
"ну ну ненавиджу тут все, я розберуся з вами!???",1
"Я дуже засмучений ситуацією з викладачем, прошу допомогти розібратися",0
ЬФ ВЧАУУ ЕЬКРЩЖ ЄФ!,1
Провалюйтесь і жлоби!,1
"Я не можу зосередитися на навчанні через умови в гуртожитку, прошу допомогти",0
е е е агагага,1
Наш викладач спізнюється на кожну пару мінімум на 15 хвилин,0
"Мені соромно, але я мушу поскаржитися на поведінку одногрупників!",0
"Мене не внесли до списку на отримання матеріальної допомоги, хоча маю право",0
"це просто смішно як погано, вам це так не мине!",1
ПОПЕРЕДЖАЮ: ЩЕ РАЗ І Я РОЗБЕРУСЯ З ВАМИ ОСОБИСТО,1
Комендант гуртожитку грубить студентам і погрожує виселенням без підстав,0
е е е га га га га га га га,1
"викладач з фізики ставить незадовільні оцінки без пояснень, це несправедливо",0
хочу поскаржитись на викладача з математики — він постійно запізнюється на 20-30 хвилин,0
тра-ля-ля!!!??,1
ТУПАРИ І БЕЗМОЗКІ І ТУПНЯКИ І ПРИДУРКИ! ОСЬ ТАК.,1
"я розчарований ставленням адміністрації до студентів, хочу подати офіційну скаргу, дякую",0
куратор не підписує обхідний лист вже третій тиждень без жодних причин,0
"Я не знаю що робити, мене несправедливо відрахували, будь ласка допоможіть!",0
Хочу поскаржитись на неправомірне відрахування зі списку студентів,0
викладач не відповідає на запитання студентів і одразу знижує оцінку за незнання,0
чи можу я самостійно обрати тему дипломної роботи?!,0
"Принтер у студентському центрі не працює вже третій день, дякую",0
УУУУ УУУУ,1
ну ну ХТО ГРАЄ У ФУТБОЛ СЬОГОДНІ ВВЕЧЕРІ,1
"я дуже засмучений ситуацією з викладачем, прошу допомогти розібратися",0
ОК ОК ОК ОК ОК ОК ОК ОК!!!,1
Адміністрація не відповідає на звернення щодо переведення на іншу спеціальність,0
ееееє,1
Наш куратор ігнорує запитання на парах і говорить «самі розбирайтеся»,0
Дурні та дебіли!!!!,1
Прошу розглянути скаргу: викладач з програмування вимагає гроші за здачу заліку,0
"Прошу відремонтувати парти в аудиторії 305, частина з них зламана",0
викладач постійно скасовує пари без попередження і не відпрацьовує їх,0
"Мене не внесли до списку на отримання матеріальної допомоги, хоча маю право",0
Чи можна отримати копію залікової книжки?,0
Чи можна отримати копію залікової книжки?,0
Як можна отримати рекомендаційний лист від викладача?,0
Скільки пропусків допускається до заліку?,0
хто грає у футбол сьогодні ввечері,1
БЕЗДАРИ І ЩЕ ІДІОТИ І ЩЕ НЕЗГРАБИ І ЩЕ БЕЗДАРНОСТІ!!!!!,1
Куратор не підписує обхідний лист вже третій тиждень без жодних причин,0
АГАГАГА І ВСЕ,1
"всі ви провалюйтесь, вам це так не мине",1
Хочу оскаржити оцінку на іспиті — вважаю що перевірка була несправедливою,0
Олухи — ви про це пожалкуєте...,1
!!!!!!!!!!!!!!!!!!,1
"Викладач не відповідає на запитання студентів і одразу знижує оцінку за незнання, прошу допомогти",0
е е е Бездари і тупі і ідіоти і олухи...,1
ок ок ок ок ок ок ок,1
"у бібліотеці немає потрібного підручника з бухгалтерського обліку, коли він надійде?",0
"Деканат не видає довідку про навчання вже два тижні, постійно відмовляють",0
ЛА-ЛА-ЛА ЛА-ЛА-ЛА,1
"ви всі нікчеми, ганьба закладу",1
Принтер у студентському центрі не працює вже третій день,0
Йдіть а також бездари а також олухи а також бездарності...,1
Наш викладач спізнюється на кожну пару мінімум на 15 хвилин!,0
НАБРИДЛО ВСЕ! ТУПАРИ!,1
Прошу розглянути скаргу на незаконне заселення сторонніх у гуртожиток,0
я люблю піцу особливо з ковбасою,1
.....................,1
цвтвфсхифьіваьзюиаєошзїщйтцобщ,1
"я розчарований ставленням адміністрації до студентів, хочу подати офіційну скаргу",0
Хочу подати скаргу: викладач з хімії принижує студентів перед аудиторією,0
ВАУ ВАУ,1
е е е ?????????????????????,1
"у бібліотеці немає потрібного підручника з бухгалтерського обліку, коли він надійде?",0
Де знайти шаблон заяви на академічну відпустку?,0
Чи можна отримати копію залікової книжки?,0
"Прошу поставитися до мого звернення серйозно, мені справді потрібна допомога",0
Дурні плюс бовдури плюс кретини! Все!,1
Я ЗНАЙДУ НА ВАС УПРАВУ! НЕНАВИДЖУ ЦЕЙ КОЛЕДЖ!???,1
"Хочу поскаржитись на викладача з математики — він постійно запізнюється на 20-30 хвилин, дякую",0
"У гуртожитку не прибирають загальні приміщення, антисанітарія",0
"прошу не ігнорувати мою скаргу, я вже зверталась до куратора і нічого не змінилось",0
"ВСІ ВИ БЕЗДАРИ, ВАМ ЦЕ ТАК НЕ МИНЕ...",1
комендант не дозволяє залишати ноутбук у кімнаті на канікулах — це законно?,0
"всі тут тупі, вам треба закритися",1
"Підкажіть, хто відповідає за розклад іспитів?",0
5д7-фспїбя!,1
Чи є можливість перевестися на заочну форму навчання?,0
е е е чюкй  чюкй  чюкй  чюкй,1
ЗДКТ ДЬР СИЯЮ ЩНДҐ ФИЧШ ЄЄЮЧ!,1
е е е я знайду на вас управу! набридло все!,1
"всі ви однакові, це вам так не зійде!",1
"У 301 аудиторії не працює проєктор, викладач не може показувати матеріал",0
на парі з правознавства викладач обговорює особисте життя студентів,0
"Wi-Fi у бібліотеці працює дуже повільно, неможливо користуватися навчальними ресурсами, прошу допомогти",0
Хочу оскаржити оцінку на іспиті — вважаю що перевірка була несправедливою,0
ну ну !!!???!!!???!,1
"У їдальні закінчуються страви о 12:00, більшість студентів залишаються без обіду",0
Де можна роздрукувати матеріали до захисту курсової?!,0
Куратор не підписує обхідний лист вже третій тиждень без жодних причин,0
е е е ХЕЙ ХЕЙ!!!??,1
хм хм хм,1
О котрій відчиняється бібліотека?,0
"Прошу пояснити, чому мені не нарахували стипендію цього місяця",0
"Хочу дізнатися, де знаходиться 305 аудиторія",0
Де здають документи для оформлення стипендії?,0
оооооооооооооооо,1
"Хочу поскаржитись на викладача з математики — він постійно запізнюється на 20-30 хвилин, прошу допомогти",0
Е-Е-Е,1
ну ну Незграби і ще бездари!...,1
"Це вже третє звернення, ніхто не реагує на проблему в гуртожитку",0
підкажіть номер телефону медпункту,0
НУ Е-Е-Е НУ???,1
"підкажіть, як подати заяву на перескладання іспиту з вищої математики?",0
"Я дуже засмучений ситуацією з викладачем, прошу допомогти розібратися",0
"е е е ВСІ ВИ ТУПІ, ПОПЕРЕДЖАЮ ВОСТАННЄ...",1
О котрій відчиняється бібліотека?,0
"ну ну ви про це пожалкуєте, кретини!",1
У туалеті на другому поверсі не працює вентиляція вже два тижні,0
.....................!!??,1
Куратор не підписує обхідний лист вже третій тиждень без жодних причин,0
е е е Придурки — я вам покажу!,1
Де знаходиться студентська профспілка і як вона може допомогти?,0
Тупі і олухи і бездарності! Зрозуміли?...,1
ьцєе гь ьхпшуо цсщз щзифйо снбйая фтца фіцґй,1
"Добрий день, підкажіть розклад на цей тиждень",0
е е е ну ааааа ну,1
ну ну о-о-о о-о-о,1
Мені відмовляють у академічній відпустці без пояснення підстав,0
"У навчальному корпусі дуже холодно взимку — система опалення не справляється, будь ласка",0
"Скарга: у гуртожитку вже тиждень не працює опалення, дуже холодно",0
"У кімнаті зламані меблі, вже місяць просимо замінити — нічого не робиться",0
хто грає у футбол сьогодні ввечері...,1
Лузери і дурні і тупари і покидьки! Ось так.,1
"Мені дуже важко, викладач постійно мене виділяє і принижує перед групою",0
123456789 абвгдеєжз!!??,1
лі9єє58хвощ!!избрк5ь,1
ГА ГА ГА ГА ГА ГА ГА ГА ГА ГА ГА ГА ГА ГА ГА ГА!!!,1
"ВСІ ВИ ПОКИДЬКИ, Я НАПИШУ СКРІЗЬ ПРО ВАС!!??",1
Де можна роздрукувати матеріали до захисту курсової?,0
ну да-да-да ну,1
е е е ЯЧСМИТЬБЮ...,1
Як можна отримати рекомендаційний лист від викладача?,0
"Я не можу зосередитися на навчанні через умови в гуртожитку, прошу допомогти!",0
Я вже кілька разів намагався вирішити це питання і щоразу мене відправляють далі,0
"це просто смішно як погано, попереджаю востаннє!!!??",1
Комендант гуртожитку грубить студентам і погрожує виселенням без підстав,0
аавввгггддд,1
Прошу перевірити умови проживання в кімнаті 214 — там є плісень на стінах,0
Провалюйтесь плюс тупі плюс жлоби! Ось так.,1
ЙОУ ЙОУ І ВСЕ!!!,1
ну ла-ла-ла ну!!??,1
"у нашій кімнаті в гуртожитку тече дах, комендант ігнорує звернення",0
"У 301 аудиторії не працює проєктор, викладач не може показувати матеріал",0
"Прошу поставитися до мого звернення серйозно, мені справді потрібна допомога",0
агагага агагага...,1
ну ну ЖЛОБИ ТА КРЕТИНИ ТА ЛУЗЕРИ ТА ІДІОТИ...!!??,1
"Прошу відремонтувати парти в аудиторії 305, частина з них зламана",0
Прошу перевірити ситуацію: викладач виставив оцінку без проведення іспиту,0
Де здають документи для оформлення стипендії?,0
е е е ПРИДУРКИ ТА ТУПНЯКИ!,1
е е е ТУПАРИ ПЛЮС ОЛУХИ ПЛЮС БОВДУРИ! ВСЕ!,1
Куратор не підписує обхідний лист вже третій тиждень без жодних причин,0
Ідіоти — я напишу скрізь про вас,1
"підкажіть, як подати заяву на перескладання іспиту з вищої математики?!",0
як зв'язатися з деканом?,0
"Розумію що у вас багато звернень, але моя ситуація дійсно потребує допомоги",0
"Коли буде наступна нарада студентського самоврядування?, дякую",0
"Яка процедура переведення з однієї групи до іншої?, дякую",0
е е е ну тра-ля-ля ну,1
Викладач з іноземної мови вимагає дорогі підручники тільки від конкретного видавництва,0
Яка процедура поновлення після відрахування?,0
ткчмядшунблхнязєтшюлунхцзїжкчв,1
"Я НАПИШУ НА ВАС СКРІЗЬ, ВИ ЩЕ ПОЖАЛКУЄТЕ!!??",1
Чи надається знижка на проїзд для студентів денної форми навчання?,0
"!!,?.,,.?!,!????",1
"Скільки пропусків допускається до заліку?, дякую",0
хелло ворлд це тест повідомлення,1
"Прошу пояснити, за якою підставою з мене стягують додаткову плату за гуртожиток",0
Хочу поскаржитись на викладача з математики — він постійно запізнюється на 20-30 хвилин,0
!!!???!!!???,1
як можна отримати рекомендаційний лист від викладача?,0
"У душовій гуртожитку зламані замки, прошу відремонтувати, будь ласка",0
"Хочу дізнатися, де знаходиться 305 аудиторія",0
"ВАМ ЦЕ ТАК НЕ ЗІЙДЕ, Я НЕ ЗДАМСЯ",1
хочу подати скаргу: викладач з хімії принижує студентів перед аудиторією,0
"Принтер у студентському центрі не працює вже третій день, дякую",0
е е е кєжннд гшс хржгєз юхї ьщ униґ фі ндйшсе...,1
Як оформити академічну відпустку за станом здоров'я?,0
Комендант не дозволяє залишати ноутбук у кімнаті на канікулах — це законно?,0
ну ну НЕ ЗНАЮ ЩО НАПИСАТИ АЛЕ ПИШУ...,1
О котрій відчиняється бібліотека?,0
Покидьки — я не залишу це просто так,1
Як можна отримати рекомендаційний лист від викладача?,0
"Я не можу зосередитися на навчанні через умови в гуртожитку, прошу допомогти",0
"Розумію що у вас багато звернень, але моя ситуація дійсно потребує допомоги",0
хей хей,1
Як зв'язатися з деканом?,0
як зв'язатися з деканом?,0
ви ще почуєте про мене! це просто смішно як погано!!!!,1
ла-ла-ла і все,1
ойойой!!!,1
"Чи є можливість перевестися на заочну форму навчання?, будь ласка",0
е е е О-О-О І ВСЕ,1
Деканат відмовляється приймати заяву про зміну форми навчання,0
мій кіт зробив щось смішне вчора,1
Чи можна отримати копію залікової книжки?!,0
Прошу встановити більше розеток в аудиторії 210 для заряджання ноутбуків,0
ви про це пожалкуєте! це просто смішно як погано!,1
Де можна роздрукувати матеріали до захисту курсової?,0
.........,1
"Скільки пропусків допускається до заліку?, будь ласка",0
ААААААААААААААААААААААААА,1
"ЦЕ ВАМ ТАК НЕ ЗІЙДЕ, НЕДОУМКИ!",1
е е е ТУПНЯКИ ТА ПОКИДЬКИ ТА ДЕБІЛИ ТА НЕДОУМКИ!!!!??,1
хои йл лр бєот цшбфіґ,1
БОВДУРИ — ПОПЕРЕДЖАЮ ВОСТАННЄ???,1
е е е ГОТУЙТЕСЬ ДО НАСЛІДКІВ! ВСІ ВИ ОДНАКОВІ!!,1
Хочу подати скаргу: викладач з хімії принижує студентів перед аудиторією,0
де можна роздрукувати матеріали до захисту курсової?,0
!!!!!!!!!!!!!!!!!!,1
ААА ПРОВАЛЮЙТЕСЬ ААА ХАХАХА,1
Прошу розглянути скаргу на упереджене ставлення викладача до нашої групи,0
Чи є можливість перевестися на заочну форму навчання?,0
Принтер у студентському центрі не працює вже третій день!,0
Де здають документи для оформлення стипендії?,0
Викладач не відповідає на запитання студентів і одразу знижує оцінку за незнання,0
нічого нічого нічого нічого!!!,1
Ідіоти і жлоби і кретини! Все!,1
ну ну Бовдури плюс недоумки плюс дурні плюс тупі! Зрозуміли????,1
все це лайно! Провалюйтесь!...,1
"Деканат не видає довідку про навчання вже два тижні, постійно відмовляють",0
аааааааааааааааааа!!!,1
привіт привіт привіт привіт привіт,1
ну ну Нікчеми а також дебіли...,1
"ВСІ ВИ ЖЛОБИ, ВИ ДОЧЕКАЄТЕСЬ",1
"wi-Fi у бібліотеці працює дуже повільно, неможливо користуватися навчальними ресурсами",0
ИАВЛХ ЯТХ ЦҐОШ,1
"Прошу пояснити, за якою підставою з мене стягують додаткову плату за гуртожиток",0
і що далі що ти зробиш,1
"Викладач з економіки не пускає на іспит без особистого підпису куратора, якого немає",0
де здають документи для оформлення стипендії?,0
Чи можу я самостійно обрати тему дипломної роботи?,0
як можна отримати рекомендаційний лист від викладача?,0
"Мені не виписали студентський квиток, хоча навчаюсь вже три місяці, прошу допомогти",0
у гуртожитку відсутнє освітлення на третьому поверсі,0
"У кімнаті зламані меблі, вже місяць просимо замінити — нічого не робиться",0
"Підкажіть, як подати заяву на перескладання іспиту з вищої математики?, прошу допомогти",0
"Прошу не ігнорувати мою скаргу, я вже зверталась до куратора і нічого не змінилось",0
хочу поскаржитись на викладача з математики — він постійно запізнюється на 20-30 хвилин,0
е е е е е е е!!??,1
я напишу скрізь про вас! найгірше місце!...,1
"ну ну всі ви кретини, вам це так не мине",1
Придурки плюс провалюйтесь плюс нікчеми плюс дебіли!,1
"де здають документи для оформлення стипендії?, прошу допомогти",0
"Я розчарований ставленням адміністрації до студентів, хочу подати офіційну скаргу",0
Хочу подати скаргу: викладач з хімії принижує студентів перед аудиторією,0
е е е плювати я хотів! Жлоби!,1
"У бібліотеці немає потрібного підручника з бухгалтерського обліку, коли він надійде?",0
"ЄЧ-3З2Б5ЄЦ.ХКЄЧ_Ч6Ф2Ь,!ПАЛ!!??",1
"Хочу оскаржити оцінку на іспиті — вважаю що перевірка була несправедливою, прошу допомогти",0
"розумію що у вас багато звернень, але моя ситуація дійсно потребує допомоги",0
"У комп'ютерному класі не працює половина комп'ютерів, неможливо виконувати лабораторні, будь ласка",0
ну ну ну ну ну ну ну ну???,1
викладач постійно скасовує пари без попередження і не відпрацьовує їх,0
ААВВВГГГДДД,1
ААААА,1
"Прошу пояснити, за якою підставою з мене стягують додаткову плату за гуртожиток",0
ойойой!,1
Де знайти шаблон заяви на академічну відпустку?!,0
"де подати заяву на підвищену стипендію?, дякую",0
ну ну Ю6ЮГР?ЦФАЛЦ,1
"Викладач грубить студентам, які задають запитання під час лекції",0
"Мені не виписали студентський квиток, хоча навчаюсь вже три місяці",0
"Викладач не відповідає на запитання студентів і одразу знижує оцінку за незнання, прошу допомогти",0
Комендант гуртожитку грубить студентам і погрожує виселенням без підстав!,0
"ви всі нікчеми, ганьба закладу???",1
Деканат відмовляється приймати заяву про зміну форми навчання!,0
"Wi-Fi у бібліотеці працює дуже повільно, неможливо користуватися навчальними ресурсами, будь ласка",0
"У гуртожитку не прибирають загальні приміщення, антисанітарія!",0
бь шаь щгк єцечб,1
"У бібліотеці немає потрібного підручника з бухгалтерського обліку, коли він надійде?",0
"У їдальні закінчуються страви о 12:00, більшість студентів залишаються без обіду",0
ХАХА ХАХА ХАХА ХАХА ХАХА!!!,1
прошу перевірити умови проживання в кімнаті 214 — там є плісень на стінах,0
Комендант не дозволяє залишати ноутбук у кімнаті на канікулах — це законно?,0
прошу розглянути: студентів виселяють з гуртожитку без попередження,0
о котрій відчиняється бібліотека?,0
Прошу розглянути: студентів виселяють з гуртожитку без попередження!,0
Тупари і тупі і ідіоти! Ось так.,1
"Викладач з економіки не пускає на іспит без особистого підпису куратора, якого немає",0
ААААА ВСЕ НАБРИДЛО ІДІОТИ,1
"ви про це пожалкуєте, дебіли!...",1
плювати я хотів на цей коледж!!!,1
Де знаходиться студентська профспілка і як вона може допомогти?,0
прошу розглянути скаргу на упереджене ставлення викладача до нашої групи,0
просто так написав без причини,1
Прошу розглянути питання щодо неправомірного стягнення плати за навчання,0
викладач не відповідає на запитання студентів і одразу знижує оцінку за незнання,0
"Прошу поставитися до мого звернення серйозно, мені справді потрібна допомога",0
На парі з правознавства викладач обговорює особисте життя студентів,0
"Де можна роздрукувати матеріали до захисту курсової?, дякую",0
е е е Тупі і ще йдіть і ще придурки! Все!!!??,1
"Викладач грубить студентам, які задають запитання під час лекції",0
Прошу перевірити ситуацію: викладач виставив оцінку без проведення іспиту,0
"адміністрація не відповідає на звернення щодо переведення на іншу спеціальність, будь ласка",0
"Мені дуже важко, викладач постійно мене виділяє і принижує перед групою",0
цьґціеюзвохгпеяфквкифпсхмчщпедхвркбфмв,1
"деканат не видає довідку про навчання вже два тижні, постійно відмовляють",0
"Ліфт у гуртожитку не працює вже два тижні, незручно студентам з інвалідністю",0
"У комп'ютерному класі не працює половина комп'ютерів, неможливо виконувати лабораторні",0
Нікчеми плюс йдіть плюс покидьки! Зрозуміли?!!!,1
"Я розчарований ставленням адміністрації до студентів, хочу подати офіційну скаргу",0
"Що робити, якщо пропустив іспит через хворобу?!",0
Як дізнатися свій номер студентського квитка?,0
коли будуть відомі дати сесії на наступний семестр?,0
Де подати заяву на підвищену стипендію?,0
Комендант гуртожитку грубить студентам і погрожує виселенням без підстав,0
"Хочу дізнатися, де знаходиться 305 аудиторія!",0
Комендант гуртожитку грубить студентам і погрожує виселенням без підстав,0
"Прошу пояснити порядок відновлення після академічної відпустки, будь ласка",0
бддмбшаєьаяхюеуивьщегьогоккчушфшз!!!,1
"Мені дуже важко, викладач постійно мене виділяє і принижує перед групою",0
"Мені дуже важко, викладач постійно мене виділяє і принижує перед групою",0
Мені відмовляють у академічній відпустці без пояснення підстав,0
ееееє...,1
"Як дізнатися свій номер студентського квитка?, прошу допомогти",0
"Wi-Fi у бібліотеці працює дуже повільно, неможливо користуватися навчальними ресурсами",0
Чи є можливість перевестися на заочну форму навчання?,0
"У,826ЯХЯ8Е1--М-Л3ЩХ?ЛГ.3???",1
"розумію що у вас багато звернень, але моя ситуація дійсно потребує допомоги, будь ласка",0
ідіть всі геть тра-ля-ля,1
ОЛУХИ А ТАКОЖ ПРИДУРКИ А ТАКОЖ ТУПІ А ТАКОЖ БЕЗДАРНОСТІ...!,1
ну ну от уууу от???,1
"wi-Fi у бібліотеці працює дуже повільно, неможливо користуватися навчальними ресурсами",0
У туалеті на другому поверсі не працює вентиляція вже два тижні,0
Хочу подати скаргу: викладач з хімії принижує студентів перед аудиторією,0
самі дурні навчають дурних,1
"У комп'ютерному класі не працює половина комп'ютерів, неможливо виконувати лабораторні",0
"прошу розглянути скаргу на незаконне заселення сторонніх у гуртожиток, дякую",0
Наш куратор ігнорує запитання на парах і говорить «самі розбирайтеся»,0
"Ліфт у гуртожитку не працює вже два тижні, незручно студентам з інвалідністю",0
"Викладач з фізики ставить незадовільні оцінки без пояснень, це несправедливо",0
"мені не виписали студентський квиток, хоча навчаюсь вже три місяці, прошу допомогти",0
----------,1
"всі ви лузери, я не залишу це просто так",1
от е-е-е от!,1
"Вибачте що турбую, але не знаю до кого ще звернутися з цим питанням",0
Лузери плюс жлоби плюс дурні плюс дебіли! Все!,1
"прошу перевірити умови проживання в кімнаті 214 — там є плісень на стінах, прошу допомогти",0
Я ЗНАЙДУ НА ВАС УПРАВУ! ХОЧУ ЩОБ ВСЕ ГОРІЛО!,1
"У 301 аудиторії не працює проєктор, викладач не може показувати матеріал",0
У навчальному корпусі дуже холодно взимку — система опалення не справляється,0
ХОЧУ ПОДИВИТИСЯ ЯК ВИ МЕНЕ ВІДРАХУЄТЕ ХА,1
яка процедура поновлення після відрахування?,0
"У гуртожитку не прибирають загальні приміщення, антисанітарія",0
"Хочу дізнатися, де знаходиться 305 аудиторія",0
бездарності управляють коледжем!!??,1
самі дурні навчають дурних!,1
"е е е ВИ ЩЕ ПОЧУЄТЕ ПРО МЕНЕ, ЖЛОБИ!",1
"Підкажіть, як подати заяву на перескладання іспиту з вищої математики?, дякую",0
набридло все! Бездарності!,1
я вже кілька разів намагався вирішити це питання і щоразу мене відправляють далі,0
Викладач з іноземної мови вимагає дорогі підручники тільки від конкретного видавництва,0
"Мені соромно, але я мушу поскаржитися на поведінку одногрупників",0
Хочу поскаржитись на неправомірне відрахування зі списку студентів,0
"не знаю чи правильно пишу сюди, але хочу поскаржитися на умови навчання!",0
Деканат відмовляється приймати заяву про зміну форми навчання,0
"Я не можу зосередитися на навчанні через умови в гуртожитку, прошу допомогти",0
Прошу перевірити умови проживання в кімнаті 214 — там є плісень на стінах,0
"МЕНІ БАЙДУЖЕ НА ВСЕ, ЦЕ ВАМ ТАК НЕ ЗІЙДЕ!???",1
Наш викладач спізнюється на кожну пару мінімум на 15 хвилин,0
НУ ЕЕЕЕЄ НУ,1
йоу йоу,1
TEST TEST TEST,1
"Скарга: у гуртожитку вже тиждень не працює опалення, дуже холодно",0
прошу перевірити умови проживання в кімнаті 214 — там є плісень на стінах!,0
Як можна отримати рекомендаційний лист від викладача?,0
е е е ХАХАХА ДЕБІЛИ УПРАВЛЯЮТЬ КОЛЕДЖЕМ ХАХА,1
яка процедура поновлення після відрахування?,0
БЕЗМОЗКІ ТА ОЛУХИ...,1
пексіттлусзв!!!,1
Прошу перевірити ситуацію: викладач виставив оцінку без проведення іспиту,0
"Прошу допомогти: у розкладі помилка, нас відправили в неіснуючу аудиторію",0
Коли починається запис на курсові роботи цього семестру?,0
"прошу розглянути скаргу на незаконне заселення сторонніх у гуртожиток, прошу допомогти",0
найгірше місце! Провалюйтесь!,1
"Прошу оновити програмне забезпечення в комп'ютерному класі, воно застаріле",0
ну ну щй щдївши дей,1
ну ну о о о о о о о о о о о о о о,1
Хочу оскаржити оцінку на іспиті — вважаю що перевірка була несправедливою,0
"Я не знаю що робити, мене несправедливо відрахували, будь ласка допоможіть, дякую",0
Безмозкі та дурні та придурки та йдіть! Зрозуміли?,1
"Підкажіть, чи є можливість складати іспити достроково?",0
"У туалеті на другому поверсі не працює вентиляція вже два тижні, прошу допомогти!",0
АБВГДЕЄЖЗИІЇЙКЛМНОПРСТУФХЦЧШЩЬЮЯ...,1
"Прошу пояснити, за якою підставою з мене стягують додаткову плату за гуртожиток",0
е е е їфтчвмсвбцлтркьївфнчіщшдєтжфкрйгущ!!??,1
У туалеті на другому поверсі не працює вентиляція вже два тижні!,0
"ненавиджу цей коледж, я не залишу це просто так!...",1
"Викладач грубить студентам, які задають запитання під час лекції",0
Мені відмовляють у академічній відпустці без пояснення підстав,0
"Я не знаю що робити, мене несправедливо відрахували, будь ласка допоможіть",0
Наш куратор ігнорує запитання на парах і говорить «самі розбирайтеся»,0
Придурки та безмозкі та лузери! Ось так.,1
"У 301 аудиторії не працює проєктор, викладач не може показувати матеріал",0
БЕЗДАРНОСТІ І ДУРНІ І ПОКИДЬКИ І БЕЗДАРИ! ЗРОЗУМІЛИ?,1
прошу вирішити: в гуртожитку немає гарячої води вже 10 днів,0
"Мені соромно, але я мушу поскаржитися на поведінку одногрупників, дякую",0
ДЕБІЛИ ТА ІДІОТИ!!,1
викладач постійно скасовує пари без попередження і не відпрацьовує їх,0
Е-Е-Е І ВСЕ!!!,1
"Що робити, якщо пропустив іспит через хворобу?, дякую",0
Куратор не підписує обхідний лист вже третій тиждень без жодних причин,0
"ну ну я вам покажу де раки зимують, дебіли",1
"Як дізнатися результати іспиту, якщо їх досі не виставили в журнал?",0
У туалеті на другому поверсі не працює вентиляція вже два тижні,0
ЛА-ЛА-ЛА ЛА-ЛА-ЛА,1
TEST TEST TEST,1
це просто смішно як погано! Йдіть!,1
де можна отримати студентський квиток?,0
Провалюйтесь і олухи і йдіть і дурні! Зрозуміли?,1
"Деканат не видає довідку про навчання вже два тижні, постійно відмовляють",0
ПРОВАЛЮЙТЕСЬ — ВАМ ЦЕ ТАК НЕ МИНЕ!,1
"У душовій гуртожитку зламані замки, прошу відремонтувати",0
"Скарга: у гуртожитку вже тиждень не працює опалення, дуже холодно",0
аавввгггддд,1
"набридло все, я розберуся з вами!",1
е е е ОГО-ГО ЯКІ ТУПІ ОГО-ГО,1
НІКЧЕМИ І ЩЕ ПОКИДЬКИ І ЩЕ БЕЗДАРНОСТІ!!???,1
"У кімнаті зламані меблі, вже місяць просимо замінити — нічого не робиться",0
чи є можливість перевестися на заочну форму навчання?,0
"У кімнаті зламані меблі, вже місяць просимо замінити — нічого не робиться",0
"Я не можу зосередитися на навчанні через умови в гуртожитку, прошу допомогти, прошу допомогти",0
Кретини плюс тупняки плюс бовдури! Ось так.,1
"Прошу пояснити, чому мені не нарахували стипендію цього місяця",0
Чи можу я самостійно обрати тему дипломної роботи?,0
"я напишу скрізь про вас, ідіоти!",1
ЛУЗЕРИ — ВАМ ЦЕ ТАК НЕ МИНЕ???,1
Де можна отримати студентський квиток?,0
"Мені не виписали студентський квиток, хоча навчаюсь вже три місяці",0
"У гуртожитку не прибирають загальні приміщення, антисанітарія",0
епйскґжщмккюсїдеєзл,1
"Я не можу зосередитися на навчанні через умови в гуртожитку, прошу допомогти!",0
ВСІ ДЕБІЛИ ТУТ АБСОЛЮТНО,1
"Хочу поскаржитись на неправомірне відрахування зі списку студентів, прошу допомогти!",0
У навчальному корпусі дуже холодно взимку — система опалення не справляється,0
"Wi-Fi у бібліотеці працює дуже повільно, неможливо користуватися навчальними ресурсами",0
"у їдальні закінчуються страви о 12:00, більшість студентів залишаються без обіду",0
Мені відмовляють у академічній відпустці без пояснення підстав,0
О О О О О О О О О О О О О,1
Прошу розглянути: студентів виселяють з гуртожитку без попередження,0
є є є є є є є є!,1
"е е е я вам покажу де раки зимують, дебіли...",1
Де можна отримати довідку про місце навчання для соціальних служб?,0
"ПЛЮВАТИ Я ХОТІВ, Я ЗНАЙДУ НА ВАС УПРАВУ!",1
ну агагага ну,1
от тра-ля-ля от!!??,1
"У їдальні закінчуються страви о 12:00, більшість студентів залишаються без обіду",0
да да да да да да да да да да да да да да,1
ну ну Придурки а також дурні...,1
Викладач з математики пояснює тему лише один раз і відмовляється повторювати,0
нічого ви мені не зробите,1
Нікчеми плюс незграби! Зрозуміли?,1
"хочу записатися на прийом до ректора, дякую",0
чи є можливість перевестися на заочну форму навчання?,0
Чи можу я самостійно обрати тему дипломної роботи?,0
Де можна роздрукувати матеріали до захисту курсової?,0
",!!.?.?!!!?,",1
ну ну рриі  рриі  рриі  рриі  рриі  рриі  рриі  !!??,1
"У нашій кімнаті в гуртожитку тече дах, комендант ігнорує звернення",0
ячсмитьбю,1
а що ти мені зробиш а!,1
ну ну ЖЛОБИ — ПОПЕРЕДЖАЮ ВОСТАННЄ!!??,1
"Хочу записатися на прийом до ректора, прошу допомогти",0
"У їдальні закінчуються страви о 12:00, більшість студентів залишаються без обіду",0
"Розумію що у вас багато звернень, але моя ситуація дійсно потребує допомоги",0
Коли починається запис на курсові роботи цього семестру?,0
ЦЕ ВАМ ТАК НЕ ЗІЙДЕ! ПЛЮВАТИ Я ХОТІВ!,1
Де здають документи для оформлення стипендії?!,0
Коли будуть відомі дати сесії на наступний семестр?,0
Викладач постійно скасовує пари без попередження і не відпрацьовує їх!,0
ееееє і все,1
хочу поскаржитись на неправомірне відрахування зі списку студентів!,0
Нікчеми та придурки!!,1
"ВИ ЩЕ ПОЧУЄТЕ ПРО МЕНЕ, ЛУЗЕРИ!",1
"ненавиджу цей коледж, я не залишу це просто так!",1
"Хочу дізнатися, де знаходиться 305 аудиторія",0
"хочу щоб все горіло, попереджаю востаннє!",1
Яка процедура поновлення після відрахування?,0
покидьки зібралися в одному місці,1
Нікчеми — ви ще мене запам'ятаєте,1
"У бібліотеці немає потрібного підручника з бухгалтерського обліку, коли він надійде?",0
"Прошу не ігнорувати мою скаргу, я вже зверталась до куратора і нічого не змінилось, дякую",0
жах жахливий! Бовдури!!!!,1
е е е ок ок ок ок ок ок!,1
У навчальному корпусі дуже холодно взимку — система опалення не справляється,0
"жлоби і хами, більше нічого",1
"!,,,...?,!!?.??,?,?!!!",1
"прошу пояснити, чому мені не нарахували стипендію цього місяця",0
"Прошу терміново втрутитися, ситуація критична — мене можуть відрахувати через помилку",0
"Добрий день, підкажіть розклад на цей тиждень",0
"Я дуже засмучений ситуацією з викладачем, прошу допомогти розібратися",0
Скільки пропусків допускається до заліку?,0
"Розумію що у вас багато звернень, але моя ситуація дійсно потребує допомоги",0
Кретини плюс олухи плюс придурки плюс йдіть! Все!,1
Прошу розглянути скаргу: викладач з програмування вимагає гроші за здачу заліку,0
ВАМ ЦЕ ТАК НЕ МИНЕ! МЕНІ БАЙДУЖЕ НА ВСЕ!!!??,1
Прошу встановити більше розеток в аудиторії 210 для заряджання ноутбуків,0
"у душовій гуртожитку зламані замки, прошу відремонтувати",0
хм хм хм!,1
"Прошу пояснити, за якою підставою з мене стягують додаткову плату за гуртожиток",0
ееееє!,1
Куратор не підписує обхідний лист вже третій тиждень без жодних причин,0
"ну ну всі ви дебіли, я вам покажу",1
Провалюйтесь і ще безмозкі і ще йдіть і ще нікчеми!,1
"Я розчарований ставленням адміністрації до студентів, хочу подати офіційну скаргу, прошу допомогти",0
от нннн от!!??,1
ВИ ВСІ ІДІОТИ І Я ВАМ ЦЕ ДОВЕДУ,1
Де знаходиться студентська профспілка і як вона може допомогти?,0
гей гей гей гей гей гей гей гей гей гей гей гей,1
"Я дуже засмучений ситуацією з викладачем, прошу допомогти розібратися, будь ласка!",0
от нннн от,1
МІЙ КІТ ЗРОБИВ ЩОСЬ СМІШНЕ ВЧОРА,1
"У нашій кімнаті в гуртожитку тече дах, комендант ігнорує звернення",0
"прошу пояснити порядок відновлення після академічної відпустки, будь ласка",0
иййб  иййб  иййб,1
"ДОЧЕКАЄТЕСЬ ВІД МЕНЕ, ЩЕ ПОБАЧИТЕ",1
всі ви однакові! Придурки!???,1
е е е е е е е е е е е е е,1
Недоумки а також незграби! Все!,1
"е е е ?.,!,!?,??!..?...",1
Як оформити академічну відпустку за станом здоров'я?!,0
ОГО-ГО ЯКІ ТУПІ ОГО-ГО,1
На парі з правознавства викладач обговорює особисте життя студентів,0
Деканат відмовляється приймати заяву про зміну форми навчання,0
Хочу оскаржити оцінку на іспиті — вважаю що перевірка була несправедливою,0
Хочу подати скаргу: викладач з хімії принижує студентів перед аудиторією,0
Комендант не дозволяє залишати ноутбук у кімнаті на канікулах — це законно?,0
Яка процедура поновлення після відрахування?,0
"Прошу відремонтувати парти в аудиторії 305, частина з них зламана",0
Коли будуть відомі дати сесії на наступний семестр?,0
НННН НЕНАВИДЖУ ВСІХ НННН,1
"Розумію що у вас багато звернень, але моя ситуація дійсно потребує допомоги",0
"Викладач з економіки не пускає на іспит без особистого підпису куратора, якого немає",0
хочу подати скаргу: викладач з хімії принижує студентів перед аудиторією,0
"це вже третє звернення, ніхто не реагує на проблему в гуртожитку",0
"У нашій кімнаті в гуртожитку тече дах, комендант ігнорує звернення",0
Хочу поскаржитись на викладача з математики — він постійно запізнюється на 20-30 хвилин,0
е е е хочу щоб все горіло! Покидьки!,1
Хочу поскаржитись на викладача з математики — він постійно запізнюється на 20-30 хвилин!,0
"попереджаю востаннє, тупі!",1
Адміністрація не реагує на колективне звернення нашої групи,0
тщшб чи мрн цнв цбрйг жг ляб!,1
"Деканат не видає довідку про навчання вже два тижні, постійно відмовляють",0
ОК ОК ОК ОК ОК ОК,1
Яка процедура поновлення після відрахування?,0
робіть що хочете мені байдуже,1
їїїїїїїїїїїї,1
Чи надається знижка на проїзд для студентів денної форми навчання?,0
ей ей ей ей ей ей ей ей ей ей ей ей!,1
ВИ ЩЕ МЕНЕ ЗАПАМ'ЯТАЄТЕ! БІЛЬШЕ НЕ ПРИЙДУ!,1
"Хочу поскаржитись на неправомірне відрахування зі списку студентів, прошу допомогти",0
"всі тут тупі, вам треба закритися",1
"Я НАПИШУ НА ВАС СКРІЗЬ, ВИ ЩЕ ПОЖАЛКУЄТЕ!",1
ВСЕ ЦЕ ЛАЙНО! ТУПІ!!,1
наш куратор ігнорує запитання на парах і говорить «самі розбирайтеся»,0
У навчальному корпусі дуже холодно взимку — система опалення не справляється,0
Бовдури і ще провалюйтесь......,1
Де можна отримати студентський квиток?,0
плювати я хотів на цей коледж!!!,1
"Прошу пояснити, чому мені не нарахували стипендію цього місяця",0
"хочу щоб все горіло, ви про це пожалкуєте!???",1
ви про це пожалкуєте! набридло все!!!!,1
"мені соромно, але я мушу поскаржитися на поведінку одногрупників",0
Прошу розглянути: студентів виселяють з гуртожитку без попередження,0
"Прошу терміново втрутитися, ситуація критична — мене можуть відрахувати через помилку",0
----------,1
Чи можу я самостійно обрати тему дипломної роботи?,0
"Мені дуже важко, викладач постійно мене виділяє і принижує перед групою",0
"Мені дуже важко, викладач постійно мене виділяє і принижує перед групою, прошу допомогти",0
Наш куратор ігнорує запитання на парах і говорить «самі розбирайтеся»,0
Викладач постійно скасовує пари без попередження і не відпрацьовує їх,0
"Це несправедливо і я хочу щоб хтось нарешті розібрався з цим, будь ласка",0
НННН НЕНАВИДЖУ ВСІХ НННН,1
"набридло все, готуйтесь до наслідків!",1
Чи надається знижка на проїзд для студентів денної форми навчання?,0
"У бібліотеці немає потрібного підручника з бухгалтерського обліку, коли він надійде?",0
"Де можна отримати довідку про місце навчання для соціальних служб?, прошу допомогти",0
НУ ЛА-ЛА-ЛА НУ,1
123456789 абвгдеєжз!!!,1
прошу розглянути скаргу на незаконне заселення сторонніх у гуртожиток,0
хочу поскаржитись на викладача з математики — він постійно запізнюється на 20-30 хвилин!,0
хм хм хм хм хм хм,1
"Коли буде наступна нарада студентського самоврядування?, будь ласка!",0
На парі з правознавства викладач обговорює особисте життя студентів,0
"Викладач грубить студентам, які задають запитання під час лекції",0
"У комп'ютерному класі не працює половина комп'ютерів, неможливо виконувати лабораторні, прошу допомогти",0
"Викладач з фізики ставить незадовільні оцінки без пояснень, це несправедливо",0
ЛУЗЕРИ І НЕВДАХИ ВСІ ТУТ,1
У гуртожитку відсутнє освітлення на третьому поверсі,0
Викладач з математики пояснює тему лише один раз і відмовляється повторювати,0
Підкажіть номер телефону медпункту,0
"сусіди в гуртожитку систематично шумлять вночі, заважають відпочивати",0
прошу розібрати ситуацію: викладач не зараховує лабораторні без пояснення причини,0
лузери і невдахи всі тут...,1
Принтер у студентському центрі не працює вже третій день,0
"у 301 аудиторії не працює проєктор, викладач не може показувати матеріал, дякую",0
хочу подивитися як ви мене відрахуєте ха,1
ячсмитьбю,1
спробуйте тільки щось зробити побачите...,1
ХМ ХМ ХМ І ВСЕ???,1
Де можна роздрукувати матеріали до захисту курсової?,0
"Я дуже засмучений ситуацією з викладачем, прошу допомогти розібратися",0
НКККП ЦСУИКЕ БЙКУЛ ГП ІФХТЙФ ЬЩ,1
принтер у студентському центрі не працює вже третій день,0
фівапролджє,1
БЕЗДАРИ І ЩЕ ПРИДУРКИ І ЩЕ БОВДУРИ! ОСЬ ТАК.,1
хтось живий тут взагалі,1
"всі ви придурки, я розберуся з вами",1
Хочу оскаржити оцінку на іспиті — вважаю що перевірка була несправедливою,0
Як оскаржити оцінку з іспиту офіційно?,0
е е е НІЧОГО ВИ МЕНІ НЕ ЗРОБИТЕ,1
"Це вже третє звернення, ніхто не реагує на проблему в гуртожитку",0
Як оскаржити оцінку з іспиту офіційно?,0
вфьй  вфьй  вфьй  вфьй  вфьй  вфьй  вфьй,1
Деканат відмовляється приймати заяву про зміну форми навчання,0
"я розчарований ставленням адміністрації до студентів, хочу подати офіційну скаргу, будь ласка",0
абвгдеєжзиіїйклмнопрстуфхцчшщьюя...,1
прошу розглянути скаргу на упереджене ставлення викладача до нашої групи,0
ну ну Ідіоти і дурні і провалюйтесь і бовдури!,1
Прошу пояснити порядок відновлення після академічної відпустки,0
е е е от ну ну ну от,1
е е е е ну і що тупняки е ну і що,1
ну ну цдівзсґїьїйщвїпіопншоа,1
куратор не підписує обхідний лист вже третій тиждень без жодних причин,0
"всі ви тупі, я розберуся з вами",1
йоу йоу,1
"прошу поставитися до мого звернення серйозно, мені справді потрібна допомога",0
Дебіли та безмозкі та тупняки!!!!??,1
"У гуртожитку не прибирають загальні приміщення, антисанітарія",0
"У гуртожитку не прибирають загальні приміщення, антисанітарія",0
хто грає у футбол сьогодні ввечері,1
ОТ ОК ОК ОК ОТ!,1
ну ла-ла-ла ну!!!,1
НННН НННН!!!,1
Бездари плюс кретини...,1
............,1
"Викладач з фізики ставить незадовільні оцінки без пояснень, це несправедливо",0
ненавиджу цей коледж! Дебіли!,1
123456789 абвгдеєжз,1
О котрій відчиняється бібліотека?,0
"ось побачите що я зроблю, запам'ятаєте мене...",1
"деканат не видає довідку про навчання вже два тижні, постійно відмовляють",0
Незграби і ще недоумки і ще бовдури! Все!,1
Е-Е-Е!!!,1
йоу йоу!,1
"У 301 аудиторії не працює проєктор, викладач не може показувати матеріал",0
"Мені не виписали студентський квиток, хоча навчаюсь вже три місяці",0
Хочу оскаржити оцінку на іспиті — вважаю що перевірка була несправедливою,0
Я ЗНАЙДУ НА ВАС УПРАВУ! ЖАХ ЖАХЛИВИЙ!,1
"Підкажіть, хто відповідає за розклад іспитів?",0
я розберуся з вами! більше не прийду!!,1
ДУРНІ І БОВДУРИ!,1
от ааааа от!!??,1
"У комп'ютерному класі не працює половина комп'ютерів, неможливо виконувати лабораторні",0
Адміністрація не реагує на колективне звернення нашої групи,0
га га га га га га га???,1
"Викладач з фізики ставить незадовільні оцінки без пояснень, це несправедливо",0
комендант не дозволяє залишати ноутбук у кімнаті на канікулах — це законно?,0
чи є можливість перевестися на заочну форму навчання?,0
Ідіоти і тупняки! Ось так.!,1
"Прошу не ігнорувати мою скаргу, я вже зверталась до куратора і нічого не змінилось",0
Яка процедура поновлення після відрахування?,0
"Деканат не видає довідку про навчання вже два тижні, постійно відмовляють",0
ААА ПРОВАЛЮЙТЕСЬ ААА ХАХАХА,1
е е е абвгдеєжзиіїйклмнопрстуфхцчшщьюя,1
ХЕЙ ХЕЙ ХЕЙ ХЕЙ!!!,1
Як зв'язатися з деканом?,0
"У душовій гуртожитку зламані замки, прошу відремонтувати",0
"Я дуже засмучений ситуацією з викладачем, прошу допомогти розібратися",0
Хочу поскаржитись на неправомірне відрахування зі списку студентів!,0
"прошу оновити програмне забезпечення в комп'ютерному класі, воно застаріле",0
ДУРНІ — Я РОЗБЕРУСЯ З ВАМИ,1
ну ну ГЕЙ ГЕЙ ГЕЙ ГЕЙ ГЕЙ ГЕЙ ГЕЙ ГЕЙ ГЕЙ ГЕЙ ГЕЙ ГЕЙ ГЕЙ ГЕЙ ГЕЙ ГЕЙ ГЕЙ,1
югєю  югєю  югєю  югєю  !!!,1
"Як дізнатися результати іспиту, якщо їх досі не виставили в журнал?!",0
"Мене не внесли до списку на отримання матеріальної допомоги, хоча маю право",0
"Деканат відмовляється приймати заяву про зміну форми навчання, будь ласка",0
Викладач з іноземної мови вимагає дорогі підручники тільки від конкретного видавництва,0
всі дебіли тут абсолютно,1
як можна отримати рекомендаційний лист від викладача?,0
"Розумію що у вас багато звернень, але моя ситуація дійсно потребує допомоги",0
жйїо  жйїо  жйїо  жйїо  жйїо,1
"е е е НЕНАВИДЖУ ЦЕЙ КОЛЕДЖ, ІДІТЬ ВСІ ГЕТЬ",1
Прошу розглянути скаргу на незаконне заселення сторонніх у гуртожиток,0
да-да-да да-да-да,1
е е е ПРОСТО ПЕРЕВІРЯЮ ЧИ ПРАЦЮЄ ЦЕЙ БОТ!,1
"ненавиджу тут все, я вам покажу!",1
е е е ПЛЮВАТИ Я ХОТІВ НА ЦЕЙ КОЛЕДЖ!!??,1
Наш куратор ігнорує запитання на парах і говорить «самі розбирайтеся»,0
Тупари і ще дебіли!,1
"деканат відмовляється приймати заяву про зміну форми навчання, будь ласка",0
БЕЗМОЗКІ А ТАКОЖ ПРОВАЛЮЙТЕСЬ А ТАКОЖ БЕЗДАРНОСТІ! ВСЕ!...,1
Як оформити академічну відпустку за станом здоров'я?,0
"Прошу поставитися до мого звернення серйозно, мені справді потрібна допомога",0
"всі ви придурки, це вам так не зійде",1
Коли починається запис на курсові роботи цього семестру?!,0
е е е Придурки та дурні та провалюйтесь! Все!,1
"wi-Fi у бібліотеці працює дуже повільно, неможливо користуватися навчальними ресурсами",0
"Я НАПИШУ НА ВАС СКРІЗЬ, ВИ ЩЕ ПОЖАЛКУЄТЕ...",1
чи можна отримати копію залікової книжки?,0
хаха хаха хаха хаха хаха,1
бніа  бніа  бніа  бніа  бніа  бніа,1
Як оскаржити оцінку з іспиту офіційно?!,0
"Wi-Fi у бібліотеці працює дуже повільно, неможливо користуватися навчальними ресурсами",0
Хочу оскаржити оцінку на іспиті — вважаю що перевірка була несправедливою,0
ЛА-ЛА-ЛА,1
"Добрий день, підкажіть розклад на цей тиждень",0
Я вже кілька разів намагався вирішити це питання і щоразу мене відправляють далі,0
ну йоу йоу ну,1
"У кімнаті зламані меблі, вже місяць просимо замінити — нічого не робиться",0
е е е сьогодні хороша погода!!??,1
Адміністрація не надає інформацію про графік перескладання,0
Скільки пропусків допускається до заліку?,0
"Деканат вимагає документи, яких немає в переліку вступних вимог",0
"Мені соромно, але я мушу поскаржитися на поведінку одногрупників, прошу допомогти",0
"Прошу розібрати ситуацію: викладач не зараховує лабораторні без пояснення причини, прошу допомогти!",0
О-О-О,1
Комендант не дозволяє залишати ноутбук у кімнаті на канікулах — це законно?,0
"У гуртожитку відсутнє освітлення на третьому поверсі, будь ласка",0
"Як дізнатися результати іспиту, якщо їх досі не виставили в журнал?",0
Хочу оскаржити оцінку на іспиті — вважаю що перевірка була несправедливою,0
"Мені дуже важко, викладач постійно мене виділяє і принижує перед групою",0
"Мені відмовляють у академічній відпустці без пояснення підстав, прошу допомогти!",0
Прошу розглянути: студентів виселяють з гуртожитку без попередження,0
"Прошу терміново втрутитися, ситуація критична — мене можуть відрахувати через помилку",0
"викладач постійно скасовує пари без попередження і не відпрацьовує їх, дякую",0
У гуртожитку відсутнє освітлення на третьому поверсі,0
"Як дізнатися результати іспиту, якщо їх досі не виставили в журнал?",0
"ЦЕ ВАМ НЕ МИНЕ, Я ЗВЕРНУСЯ КУДИ ТРЕБА",1
"е е е ?!?!,..!?..!???,?,",1
"Прошу оновити програмне забезпечення в комп'ютерному класі, воно застаріле",0
"У комп'ютерному класі не працює половина комп'ютерів, неможливо виконувати лабораторні",0
"У їдальні закінчуються страви о 12:00, більшість студентів залишаються без обіду",0
"Я дуже засмучений ситуацією з викладачем, прошу допомогти розібратися",0
Дурні плюс кретини плюс придурки! Ось так.???,1
самі дурні навчають дурних,1
"Підкажіть, чи є можливість складати іспити достроково?",0
Комендант гуртожитку грубить студентам і погрожує виселенням без підстав,0
ну ну шгри еює нц цтее чґ йрцле!!!,1
ОТ ОЙОЙОЙ ОТ,1
"Викладач з фізики ставить незадовільні оцінки без пояснень, це несправедливо!",0
"?,,,.,?!?",1
Чи надається знижка на проїзд для студентів денної форми навчання?,0
Де здають документи для оформлення стипендії?,0
прошу розглянути питання щодо неправомірного стягнення плати за навчання,0
Жлоби а також нікчеми а також лузери а також бездари!!,1
е е е Олухи плюс йдіть! Зрозуміли?,1
"Прошу оновити програмне забезпечення в комп'ютерному класі, воно застаріле",0
чи є можливість перевестися на заочну форму навчання?,0
"прошу вирішити: в гуртожитку немає гарячої води вже 10 днів, будь ласка",0
прошу розглянути скаргу на упереджене ставлення викладача до нашої групи,0
оооооооооооооооо,1
".!,!.",1
"деканат відмовляється приймати заяву про зміну форми навчання, дякую",0
"викладач грубить студентам, які задають запитання під час лекції",0
ПРОВАЛЮЙТЕСЬ І ЩЕ НЕДОУМКИ!,1
Яка процедура поновлення після відрахування?,0
ну ну ну хей хей ну,1
"плювати я хотів, вам це так не мине!",1
ДЯ1Л.М7!Р?1_!!!,1
ееееє і все,1
ЙЦУКЕНГШЩЗХ!!!,1
Лузери плюс тупари плюс недоумки плюс бездари!!,1
е е е qwerty asdfgh zxcvbn!,1
"е е е ХОЧУ ЩОБ ВСЕ ГОРІЛО, ПОПЕРЕДЖАЮ ВОСТАННЄ!",1
"Прошу відремонтувати парти в аудиторії 305, частина з них зламана",0
Бездари і ще дебіли......,1
Прошу розглянути скаргу на упереджене ставлення викладача до нашої групи,0
хаха хаха хаха хаха хаха!,1
"Прошу не ігнорувати мою скаргу, я вже зверталась до куратора і нічого не змінилось",0
"ГОТУЙТЕСЬ, Я НЕ ТАКИЙ ЯК ВСІ СТУДЕНТИ",1
"Як оформити академічну відпустку за станом здоров'я?, дякую",0
"Це вже третє звернення, ніхто не реагує на проблему в гуртожитку",0
Адміністрація не надає інформацію про графік перескладання,0
Тупняки плюс бездарності!!,1
"Сусіди в гуртожитку систематично шумлять вночі, заважають відпочивати!",0
"Комендант гуртожитку грубить студентам і погрожує виселенням без підстав, прошу допомогти",0
Чи можна отримати копію залікової книжки?,0
Адміністрація не відповідає на звернення щодо переведення на іншу спеціальність,0
МІЙ КІТ ЗРОБИВ ЩОСЬ СМІШНЕ ВЧОРА,1
".!?!?.!?!?..?.,.!.?.",1
Наш куратор ігнорує запитання на парах і говорить «самі розбирайтеся»,0
Прошу встановити більше розеток в аудиторії 210 для заряджання ноутбуків,0
"Не знаю чи правильно пишу сюди, але хочу поскаржитися на умови навчання, будь ласка",0
є хтось тут є хтось тут є хтось тут,1
"У їдальні закінчуються страви о 12:00, більшість студентів залишаються без обіду",0
"Це несправедливо і я хочу щоб хтось нарешті розібрався з цим, прошу допомогти",0
ну ну бшйм  бшйм  бшйм  бшйм  бшйм  !,1
Провалюйтесь плюс олухи плюс йдіть! Зрозуміли?,1
НУ І ЩО НУ І ЩО НУ І ЩО,1
"що робити, якщо пропустив іспит через хворобу?",0
"всі ви олухи, ви ще мене запам'ятаєте",1
"У їдальні закінчуються страви о 12:00, більшість студентів залишаються без обіду, будь ласка",0
"Хочу дізнатися, де знаходиться 305 аудиторія",0
ойойой!,1
"Деканат вимагає документи, яких немає в переліку вступних вимог",0
ну ну їпаґскшлуххюетрмнцбтл,1
Нікчеми — ось побачите що буде,1
Наш викладач спізнюється на кожну пару мінімум на 15 хвилин,0
е е е А ЩО ТИ МЕНІ ЗРОБИШ А,1
"Прошу оновити програмне забезпечення в комп'ютерному класі, воно застаріле, дякую",0
О котрій відчиняється бібліотека?,0
"Деканат не видає довідку про навчання вже два тижні, постійно відмовляють",0
Бездари і лузери і нікчеми і йдіть! Зрозуміли?,1
"Викладач з фізики ставить незадовільні оцінки без пояснень, це несправедливо",0
"Мені дуже важко, викладач постійно мене виділяє і принижує перед групою, дякую",0
Хочу поскаржитись на неправомірне відрахування зі списку студентів,0
"е е е це вам не мине, я звернуся куди треба",1
Це несправедливо і я хочу щоб хтось нарешті розібрався з цим,0
"ВСІ ВИ ДЕБІЛИ, ПОПЕРЕДЖАЮ ВОСТАННЄ!!!",1
Як оскаржити оцінку з іспиту офіційно?,0
"Чи є можливість перевестися на заочну форму навчання?, будь ласка",0
хахаха,1
Коли будуть відомі дати сесії на наступний семестр?!,0
ну ну Тупари і ще тупі!!!,1
Чи надається знижка на проїзд для студентів денної форми навчання?,0
"Мені соромно, але я мушу поскаржитися на поведінку одногрупників!",0
"Мені не виписали студентський квиток, хоча навчаюсь вже три місяці",0
"Мені соромно, але я мушу поскаржитися на поведінку одногрупників",0
"розумію що у вас багато звернень, але моя ситуація дійсно потребує допомоги",0
"я не знаю що робити, мене несправедливо відрахували, будь ласка допоможіть",0
"Де подати заяву на підвищену стипендію?, дякую",0
"викладач грубить студентам, які задають запитання під час лекції",0
Де здають документи для оформлення стипендії?,0
ну ну жйофґппхфіючййаоєґ,1
"Лектор читає лекції зі старих слайдів 2010 року, матеріал застарілий",0
На парі з правознавства викладач обговорює особисте життя студентів,0
хочу подивитися як ви мене відрахуєте ха!!!,1
тупі викладачі і тупа адміністрація,1
просто перевіряю чи працює цей бот,1
прошу розглянути скаргу на упереджене ставлення викладача до нашої групи,0
"мене не внесли до списку на отримання матеріальної допомоги, хоча маю право",0
НУ ДА-ДА-ДА НУ,1
скучно на парі тому пишу сюди!!??,1
"У їдальні закінчуються страви о 12:00, більшість студентів залишаються без обіду",0
"Хочу дізнатися, де знаходиться 305 аудиторія",0
"Коли починається запис на курсові роботи цього семестру?, будь ласка",0
"Підкажіть, хто відповідає за розклад іспитів?!",0
ОТ ОК ОК ОК ОТ!!!,1
чи можу я самостійно обрати тему дипломної роботи?,0
Принтер у студентському центрі не працює вже третій день,0
"е е е ви всі нікчеми, ганьба закладу",1
Прошу розглянути скаргу на незаконне заселення сторонніх у гуртожиток,0
нічого цікавого просто написав щоб написати!!??,1
"лектор читає лекції зі старих слайдів 2010 року, матеріал застарілий, прошу допомогти",0
ну е-е-е ну,1
чюй юїхїзл бвмлцм упццн,1
Чи можу я самостійно обрати тему дипломної роботи?,0
ЮЙУПМУКМСҐНФЧЦТЯЇНЯЇОКТЧИЦЮЙЧХПР...,1
----------,1
"всі ви покидьки, я знайду на вас управу...",1
"Де можна отримати студентський квиток?, дякую",0
уууу і все!!??,1
"Що робити, якщо пропустив іспит через хворобу?, прошу допомогти",0
на парі з правознавства викладач обговорює особисте життя студентів,0
Тупняки а також олухи! Зрозуміли?,1
"Коли починається запис на курсові роботи цього семестру?, дякую",0
"Вибачте що турбую, але не знаю до кого ще звернутися з цим питанням",0
На парі з правознавства викладач обговорює особисте життя студентів,0
ну ну лолцг їрятк дб,1
"Не знаю чи правильно пишу сюди, але хочу поскаржитися на умови навчання",0
"Прошу відремонтувати парти в аудиторії 305, частина з них зламана",0
ну ну всі дебіли тут абсолютно,1
----------,1
Прошу встановити більше розеток в аудиторії 210 для заряджання ноутбуків,0
Прошу розглянути: студентів виселяють з гуртожитку без попередження,0
фівапролджє...,1
У навчальному корпусі дуже холодно взимку — система опалення не справляється,0
!!!???!!!???!,1
ВИ ВСІ ІДІОТИ І Я ВАМ ЦЕ ДОВЕДУ,1
сьогодні хороша погода!,1
"Мене не внесли до списку на отримання матеріальної допомоги, хоча маю право",0
Адміністрація не надає інформацію про графік перескладання,0
Недоумки плюс нікчеми плюс ідіоти плюс безмозкі...,1
Як зв'язатися з деканом?,0
Прошу пояснити порядок відновлення після академічної відпустки,0
ЖЖЄЩГМЧҐХШБЦХЙІГҐХИАЬЇІЯДИЮ!!??,1
ну ну Покидьки а також недоумки!,1
"набридло все, я вам покажу!",1
"Принтер у студентському центрі не працює вже третій день, прошу допомогти",0
ФҐЗК ГБЗТЕЖ ЙЩ ХТХЇ СЬАЧ ЙҐ,1
Олухи — ви ще мене запам'ятаєте,1
е ну і що тупняки е ну і що,1
"Викладач з інформатики не пояснює матеріал, просто читає з книги вголос",0
нннн!,1
Я вже кілька разів намагався вирішити це питання і щоразу мене відправляють далі,0
"Прошу оновити програмне забезпечення в комп'ютерному класі, воно застаріле",0
"Прошу замінити лампи в коридорі другого поверху, там темно",0
.....................,1
"Підкажіть, чи є можливість складати іспити достроково?",0
"Деканат вимагає документи, яких немає в переліку вступних вимог",0
нічого цікавого просто написав щоб написати,1
мені відмовляють у академічній відпустці без пояснення підстав,0
ну йоу йоу ну,1
Де здають документи для оформлення стипендії?,0
Як дізнатися свій номер студентського квитка?,0
"Вибачте що турбую, але не знаю до кого ще звернутися з цим питанням!",0
"У комп'ютерному класі не працює половина комп'ютерів, неможливо виконувати лабораторні",0
"Скарга: у гуртожитку вже тиждень не працює опалення, дуже холодно",0
"Мені соромно, але я мушу поскаржитися на поведінку одногрупників",0
Викладач з іноземної мови вимагає дорогі підручники тільки від конкретного видавництва,0
"не знаю чи правильно пишу сюди, але хочу поскаржитися на умови навчання",0
"Я не можу зосередитися на навчанні через умови в гуртожитку, прошу допомогти, будь ласка",0
"У 301 аудиторії не працює проєктор, викладач не може показувати матеріал",0
уууу і все!!!,1
Прошу розглянути: студентів виселяють з гуртожитку без попередження,0
"е е е НЕНАВИДЖУ ЦЕЙ КОЛЕДЖ, ВИ ЩЕ ПОЧУЄТЕ ПРО МЕНЕ!???",1
Яка процедура поновлення після відрахування?,0
ну ну пнхєноб6ийл-тґщпхучпжфгє2флю,1
"Прошу замінити лампи в коридорі другого поверху, там темно",0
ну ну йцукенгшщзх,1
Бовдури та бездари! Ось так.,1
Коли починається запис на курсові роботи цього семестру?,0
Хочу оскаржити оцінку на іспиті — вважаю що перевірка була несправедливою,0
ну ну ТУПАРИ ПЛЮС ДУРНІ! ВСЕ!,1
Хочу оскаржити оцінку на іспиті — вважаю що перевірка була несправедливою!,0
тойцщдмфьмвчфяцшуґсюедчп!,1
"ось побачите що я зроблю, запам'ятаєте мене",1
Прошу розглянути скаргу: викладач з програмування вимагає гроші за здачу заліку,0
у туалеті на другому поверсі не працює вентиляція вже два тижні,0
"У нашій кімнаті в гуртожитку тече дах, комендант ігнорує звернення",0
ну ну бездарності управляють коледжем,1
Жлоби і безмозкі...,1
"ВСЕ ЦЕ ЛАЙНО, ВИ ЩЕ МЕНЕ ЗАПАМ'ЯТАЄТЕ!",1
"Підкажіть, як подати заяву на перескладання іспиту з вищої математики?",0
аґчї  аґчї  аґчї  аґчї  !!??,1
вау вау,1
ну ну х9зещ-?ьс2вґ!с1нчч2ю???,1
"Мені соромно, але я мушу поскаржитися на поведінку одногрупників",0
ідіоти управляють цим закладом,1
"!..,,,!,,!.,,,,?!.",1
Де здають документи для оформлення стипендії?,0
ОТ ОК ОК ОК ОТ!!??,1
"Сусіди в гуртожитку систематично шумлять вночі, заважають відпочивати",0
ну ну ну,1
"Що робити, якщо пропустив іспит через хворобу?",0
"Прошу допомогти: у розкладі помилка, нас відправили в неіснуючу аудиторію, будь ласка",0
"Підкажіть, хто відповідає за розклад іспитів?",0
Як оскаржити оцінку з іспиту офіційно?,0
"Прошу пояснити, за якою підставою з мене стягують додаткову плату за гуртожиток",0
Де здають документи для оформлення стипендії?,0
БЕЗДАРИ — Я НАПИШУ СКРІЗЬ ПРО ВАС???,1
"мені дуже важко, викладач постійно мене виділяє і принижує перед групою",0
"Прошу пояснити, за якою підставою з мене стягують додаткову плату за гуртожиток",0
ну ну Недоумки — ви дочекаєтесь,1
НУ І ЩО НУ І ЩО НУ І ЩО,1
"Прошу замінити лампи в коридорі другого поверху, там темно",0
нічого нічого нічого нічого,1
ФЕЧХМЩАБО,1
"Сусіди в гуртожитку систематично шумлять вночі, заважають відпочивати",0
"Прошу пояснити, чому мені не нарахували стипендію цього місяця",0
Принтер у студентському центрі не працює вже третій день!,0
"Мені соромно, але я мушу поскаржитися на поведінку одногрупників",0
"Прошу пояснити, за якою підставою з мене стягують додаткову плату за гуртожиток, будь ласка",0
Де подати заяву на підвищену стипендію?,0
"Сусіди в гуртожитку систематично шумлять вночі, заважають відпочивати, прошу допомогти",0
НЕДОУМКИ ТА БЕЗДАРИ ТА НІКЧЕМИ ТА ТУПІ!,1
Викладач з математики пояснює тему лише один раз і відмовляється повторювати,0
Комендант не дозволяє залишати ноутбук у кімнаті на канікулах — це законно?,0
"У 301 аудиторії не працює проєктор, викладач не може показувати матеріал, будь ласка!",0
"Прошу терміново втрутитися, ситуація критична — мене можуть відрахувати через помилку!",0
"Мені не виписали студентський квиток, хоча навчаюсь вже три місяці",0
ААААА,1
"У їдальні закінчуються страви о 12:00, більшість студентів залишаються без обіду",0
куратор не підписує обхідний лист вже третій тиждень без жодних причин,0
їїїїїїїїїїїї,1
ойойой!!,1
Викладач дозволяє собі образливі коментарі щодо зовнішності студентів,0
"У комп'ютерному класі не працює половина комп'ютерів, неможливо виконувати лабораторні!",0
Прошу перевірити ситуацію: викладач виставив оцінку без проведення іспиту!,0
Скільки пропусків допускається до заліку?,0
Хочу записатися на прийом до ректора,0
е е е гей гей гей гей гей гей гей,1
"Що робити, якщо пропустив іспит через хворобу?",0
"Wi-Fi у бібліотеці працює дуже повільно, неможливо користуватися навчальними ресурсами",0
"Деканат вимагає документи, яких немає в переліку вступних вимог",0
"Викладач з фізики ставить незадовільні оцінки без пояснень, це несправедливо",0
"Ліфт у гуртожитку не працює вже два тижні, незручно студентам з інвалідністю, прошу допомогти!",0
"Підкажіть, чи є можливість складати іспити достроково?",0
Коли будуть відомі дати сесії на наступний семестр?,0
У навчальному корпусі дуже холодно взимку — система опалення не справляється,0
ееееє ееееє,1
Викладач з математики пояснює тему лише один раз і відмовляється повторювати,0
де подати заяву на підвищену стипендію?,0
Де подати заяву на підвищену стипендію?,0
скучно на парі тому пишу сюди,1
"Принтер у студентському центрі не працює вже третій день, прошу допомогти!",0
ну ну самі дурні навчають дурних...,1
"Деканат не видає довідку про навчання вже два тижні, постійно відмовляють",0
"Мені не виписали студентський квиток, хоча навчаюсь вже три місяці, прошу допомогти",0
підкажіть номер телефону медпункту,0
Дурні і ідіоти!,1
ПЛЮВАТИ Я ХОТІВ НА ЦЕЙ КОЛЕДЖ,1
Куратор не підписує обхідний лист вже третій тиждень без жодних причин,0
у навчальному корпусі дуже холодно взимку — система опалення не справляється!,0
"Підкажіть, чи є можливість складати іспити достроково?",0
"Прошу замінити лампи в коридорі другого поверху, там темно",0
е е е ІДІОТИ ТА ОЛУХИ ТА ДЕБІЛИ! ОСЬ ТАК.,1
"Мені не виписали студентський квиток, хоча навчаюсь вже три місяці",0
"Викладач не відповідає на запитання студентів і одразу знижує оцінку за незнання, прошу допомогти",0
"викладач з математики пояснює тему лише один раз і відмовляється повторювати, дякую",0
скучно на парі тому пишу сюди,1
Дурні і ще олухи! Зрозуміли?,1
"добрий день, підкажіть розклад на цей тиждень, прошу допомогти",0
"деканат не видає довідку про навчання вже два тижні, постійно відмовляють",0
вк ґмчгп цеокщ мнйщгх дштцм щжфкх ґупдув...,1
всі ви однакові! Дурні!,1
"найгірше місце, готуйтесь до наслідків!",1
"О котрій відчиняється бібліотека?, дякую!",0
оьлц  оьлц  оьлц,1
Принтер у студентському центрі не працює вже третій день,0
"ненавиджу цей коледж, ідіть всі геть???",1
е е е хтось живий тут взагалі,1
"дочекаєтесь від мене, ще побачите...",1
БІЛЬШЕ НЕ ПРИЙДУ! ОЛУХИ!,1
йцукенгшщзх...,1
"ненавиджу цей коледж, ідіть всі геть...",1
"Наш викладач спізнюється на кожну пару мінімум на 15 хвилин, будь ласка!",0
Куратор не підписує обхідний лист вже третій тиждень без жодних причин,0
"Ліфт у гуртожитку не працює вже два тижні, незручно студентам з інвалідністю",0
"!,!!,?,!!!?,.!!?...!",1
"НЕНАВИДЖУ ТУТ ВСЕ, Я РОЗБЕРУСЯ З ВАМИ!...",1
"Прошу допомогти: у розкладі помилка, нас відправили в неіснуючу аудиторію",0
ну ну Ідіоти а також бовдури...???,1
е е е БЕЗМОЗКІ А ТАКОЖ ЖЛОБИ А ТАКОЖ НЕЗГРАБИ! ВСЕ!,1
"викладач з математики пояснює тему лише один раз і відмовляється повторювати, прошу допомогти",0
"Прошу вирішити: в гуртожитку немає гарячої води вже 10 днів, прошу допомогти!",0
"добрий день, підкажіть розклад на цей тиждень",0
"Хочу поскаржитись на неправомірне відрахування зі списку студентів, прошу допомогти",0
"куратор не підписує обхідний лист вже третій тиждень без жодних причин, прошу допомогти",0
Комендант не дозволяє залишати ноутбук у кімнаті на канікулах — це законно?,0
"Чи можу я самостійно обрати тему дипломної роботи?, будь ласка",0
принтер у студентському центрі не працює вже третій день,0
ґрквїгпоа,1
"Прошу поставитися до мого звернення серйозно, мені справді потрібна допомога",0
ну ну чпєхшчлагйтяігєхївдрьзінзжнйпи,1
ви ще мене запам'ятаєте! всі ви однакові!,1
"НЕНАВИДЖУ ЦЕЙ КОЛЕДЖ, Я РОЗБЕРУСЯ З ВАМИ!",1
Де можна отримати студентський квиток?,0
"Вибачте що турбую, але не знаю до кого ще звернутися з цим питанням, дякую",0
"Деканат вимагає документи, яких немає в переліку вступних вимог",0
Де подати заяву на підвищену стипендію?,0
Прошу розглянути скаргу: викладач з програмування вимагає гроші за здачу заліку,0
Хочу поскаржитись на викладача з математики — він постійно запізнюється на 20-30 хвилин,0
"Сусіди в гуртожитку систематично шумлять вночі, заважають відпочивати!",0
"мені не виписали студентський квиток, хоча навчаюсь вже три місяці",0
О котрій відчиняється бібліотека?,0
прошу перевірити ситуацію: викладач виставив оцінку без проведення іспиту,0
"Деканат не видає довідку про навчання вже два тижні, постійно відмовляють!",0
Олухи і ще тупі і ще тупняки! Ось так.,1
Як дізнатися свій номер студентського квитка?,0
Наш куратор ігнорує запитання на парах і говорить «самі розбирайтеся»!,0
це просто смішно як погано! Тупі!!,1
БОВДУРИ — ВИ ПРО ЦЕ ПОЖАЛКУЄТЕ...,1
ну ну НУ НУ НУ,1
Де здають документи для оформлення стипендії?,0
хочу оскаржити оцінку на іспиті — вважаю що перевірка була несправедливою,0
е е е лузери і невдахи всі тут,1
коли буде наступна нарада студентського самоврядування?,0
У туалеті на другому поверсі не працює вентиляція вже два тижні,0
"Підкажіть, хто відповідає за розклад іспитів?, будь ласка",0
ааааааааааааааааааааааааа,1
бла бла бла!,1
"е е е ви ще почуєте про мене, йдіть!!!!",1
Прошу пояснити порядок відновлення після академічної відпустки,0
"Я розчарований ставленням адміністрації до студентів, хочу подати офіційну скаргу",0
Прошу встановити більше розеток в аудиторії 210 для заряджання ноутбуків,0
е е е хаха хаха хаха хаха хаха,1
"всі ви незграби, ви про це пожалкуєте",1
ну ну о о о о о о о о о???,1
"Я не знаю що робити, мене несправедливо відрахували, будь ласка допоможіть",0
ВАШІ ПРАВИЛА ДЛЯ ЛОХІВ А НЕ ДЛЯ МЕНЕ...,1
Де знаходиться студентська профспілка і як вона може допомогти?,0
скільки пропусків допускається до заліку?,0
"Викладач з інформатики не пояснює матеріал, просто читає з книги вголос",0
НННН НЕНАВИДЖУ ВСІХ НННН,1
ну ну ПРИДУРКИ І КРЕТИНИ І ІДІОТИ І ОЛУХИ!,1
"Викладач з економіки не пускає на іспит без особистого підпису куратора, якого немає",0
Прошу розглянути питання щодо неправомірного стягнення плати за навчання,0
"я не знаю що робити, мене несправедливо відрахували, будь ласка допоможіть",0
цжїг  цжїг  цжїг  цжїг,1
"Прошу не ігнорувати мою скаргу, я вже зверталась до куратора і нічого не змінилось",0
е е е ЙДІТЬ І ЩЕ НЕДОУМКИ! ВСЕ!,1
ну ну вам це так не мине! плювати я хотів!,1
Дурні а також йдіть! Все!...,1
Викладач дозволяє собі образливі коментарі щодо зовнішності студентів,0
Як можна отримати рекомендаційний лист від викладача?,0
Коли буде наступна нарада студентського самоврядування?,0
"я дуже засмучений ситуацією з викладачем, прошу допомогти розібратися!",0
е е е ха ха ха ха ха ха ха ха ха ха ха ха ха ха ха ха,1
хелло ворлд це тест повідомлення!,1
"Викладач з фізики ставить незадовільні оцінки без пояснень, це несправедливо",0
"Добрий день, підкажіть розклад на цей тиждень",0
